"",TreatmentGroup,visit_num,IntervalName,IntervalSequence,site_name,Occupation,Number.of.flora.tubes.collected,Have.samples.been.sent.for.histopathology,ECP.received.at.Washington.U,Number.of.DNA.RNA.tubes.collected,diagnosis,Abscess,Hispanic.or.Latino.Origin,Was.subject.terminated.by.investigator,is_inflamed,Partial.Endoscopy,Partial.Endoscopy.1,sex,ProjectSpecificID,samples,variable,value,se
"1",ulcerative colitis, 1,Screening Colonoscopy, 1,Cedars-Sinai,Paid,2,Yes,No,3,UC,No,Not Hispanic or Latino,No,Yes,No,No,Female,3037,206684,Chao1,86,4.63837631976114
"2",ulcerative colitis,32,Additional Biopsy,32,Cincinnati,Student,1,Yes,No,3,UC,No,Not Hispanic or Latino,No,Yes,No,No,Female,4019,206754,Chao1,94.25,5.37136601447023
"3",Crohns disease, 1,Screening Colonoscopy, 1,Cincinnati,Student,2,Yes,No,3,CD,No,Not Hispanic or Latino,No,Yes,No,No,Female,4028,206751,Chao1,94,0.0621666642899245
"4",non Inflammatory Bowel Disease, 1,Screening Colonoscopy, 1,MGH,Unpaid/volunteer,2,No,No,2,nonIBD,No,Not Hispanic or Latino,No,Yes,No,No,Male,2072,215077,Chao1,91.6,5.34577921902086
"5",Crohns disease, 1,Screening Colonoscopy, 1,MGH Pediatrics,Student,2,Yes,No,2,CD,No,Not Hispanic or Latino,No,Yes,No,No,Male,6009,219638,Chao1,85.5,10.5558941158386
"6",ulcerative colitis, 1,Screening Colonoscopy, 1,MGH Pediatrics,Student,2,Yes,No,2,UC,No,Not Hispanic or Latino,Yes,Yes,No,No,Female,6012,219644,Chao1,90.3333333333333,8.85848120003289
"7",non Inflammatory Bowel Disease, 1,Screening Colonoscopy, 1,Cincinnati,Student,2,Yes,No,2,nonIBD,No,Not Hispanic or Latino,No,Yes,No,No,Female,4008,206704,Chao1,103.6,1.1857054007203
"8",Crohns disease, 1,Screening Colonoscopy, 1,Cedars-Sinai,Unknown/Not Reported,2,Yes,No,3,CD,No,Not Hispanic or Latino,No,Yes,No,No,Male,3023,206659,Chao1,77.75,4.20640499074227
"9",Crohns disease, 1,Screening Colonoscopy, 1,MGH,Paid,3,Yes,Yes,3,CD,No,Not Hispanic or Latino,No,No,No,No,Female,2008,206536,Chao1,85,3.41804897910042
"10",Crohns disease, 1,Screening Colonoscopy, 1,Cedars-Sinai,Paid,2,Yes,No,3,CD,No,Not Hispanic or Latino,No,Yes,No,No,Female,3016,206646,Chao1,94,3.41828624475245
"11",ulcerative colitis, 1,Screening Colonoscopy, 1,Cincinnati,Student,2,Yes,No,2,UC,No,Not Hispanic or Latino,No,Yes,No,No,Male,4044,224326,Chao1,92,0
"12",non Inflammatory Bowel Disease, 1,Screening Colonoscopy, 1,Cincinnati,Student,2,Yes,No,2,nonIBD,No,Not Hispanic or Latino,No,Yes,No,No,Female,4009,206710,Chao1,88.5,1.02679114856656
"13",non Inflammatory Bowel Disease, 1,Screening Colonoscopy, 1,Cincinnati,Student,2,Yes,No,2,nonIBD,No,Not Hispanic or Latino,No,Yes,No,No,Male,4013,206719,Chao1,92,3.68759126091388
"14",non Inflammatory Bowel Disease, 1,Screening Colonoscopy, 1,Cincinnati,Student,2,Yes,No,2,nonIBD,No,Not Hispanic or Latino,No,Yes,No,No,Male,4013,206718,Chao1,79.5,3.15916854756907
"15",non Inflammatory Bowel Disease, 1,Screening Colonoscopy, 1,Cincinnati,Student,2,Yes,No,3,nonIBD,No,Not Hispanic or Latino,No,Yes,No,No,Female,4016,206726,Chao1,99.6666666666667,4.49114952403454
"16",non Inflammatory Bowel Disease, 1,Screening Colonoscopy, 1,Cincinnati,Student,2,Yes,No,3,nonIBD,No,Not Hispanic or Latino,No,Yes,No,No,Female,4016,206725,Chao1,98,7.11512473537885
"17",non Inflammatory Bowel Disease, 1,Screening Colonoscopy, 1,Cincinnati,Student,2,Yes,No,3,nonIBD,No,Not Hispanic or Latino,No,Yes,No,No,Female,4022,206738,Chao1,104.5,8.16539919533263
"18",non Inflammatory Bowel Disease, 1,Screening Colonoscopy, 1,Cincinnati,Student,2,Yes,No,3,nonIBD,No,Not Hispanic or Latino,No,Yes,No,No,Male,4024,206742,Chao1,99,7.11521346315503
"19",Crohns disease, 1,Screening Colonoscopy, 1,MGH,Student,2,Yes,Yes,2,CD,No,Not Hispanic or Latino,No,No,Yes,No,Male,2021,206562,Chao1,89.6,1.18559320595219
"20",Crohns disease, 1,Screening Colonoscopy, 1,MGH,Student,2,Yes,No,2,CD,No,Not Hispanic or Latino,No,Yes,No,No,Female,2034,214995,Chao1,79.25,5.37047141594621
"21",ulcerative colitis, 1,Screening Colonoscopy, 1,MGH,Paid,1,Yes,No,2,UC,No,Not Hispanic or Latino,No,Yes,No,No,Female,2069,215080,Chao1,104,0
"22",non Inflammatory Bowel Disease, 1,Screening Colonoscopy, 1,MGH Pediatrics,Student,2,Yes,No,2,nonIBD,No,Not Hispanic or Latino,Yes,Yes,No,No,Male,6014,219652,Chao1,101,3.18264324482704
"23",non Inflammatory Bowel Disease, 1,Screening Colonoscopy, 1,MGH Pediatrics,Student,2,Yes,No,2,nonIBD,No,Not Hispanic or Latino,Yes,Yes,No,No,Male,6014,219651,Chao1,107.111111111111,3.10109497150085
"24",Crohns disease, 1,Screening Colonoscopy, 1,MGH Pediatrics,Student,3,Yes,No,3,CD,No,Not Hispanic or Latino,No,Yes,No,Yes,Male,6016,219653,Chao1,90,3.18247931700657
"25",Crohns disease, 1,Screening Colonoscopy, 1,MGH Pediatrics,Student,3,Yes,No,3,CD,No,Not Hispanic or Latino,No,Yes,No,Yes,Male,6016,219654,Chao1,76.6,1.18545228834287
"26",ulcerative colitis, 1,Screening Colonoscopy, 1,MGH Pediatrics,Student,2,Yes,No,2,UC,No,Not Hispanic or Latino,No,Yes,No,No,Male,6025,219670,Chao1,105.333333333333,8.86023863805248
"27",Crohns disease, 1,Screening Colonoscopy, 1,Cincinnati,Student,2,Yes,No,2,CD,No,Not Hispanic or Latino,No,Yes,No,No,Female,4014,206720,Chao1,96.3333333333333,4.12470864553711
"28",Crohns disease, 1,Screening Colonoscopy, 1,Cedars-Sinai,Paid,2,Yes,No,2,CD,No,Not Hispanic or Latino,No,Yes,No,No,Female,3001,206614,Chao1,95,35.0602488957449
"29",ulcerative colitis, 1,Screening Colonoscopy, 1,Cedars-Sinai,Paid,2,Yes,No,3,UC,No,Not Hispanic or Latino,No,Yes,No,No,Female,3011,206635,Chao1,104,10.7684323193019
"30",ulcerative colitis, 1,Screening Colonoscopy, 1,MGH Pediatrics,Student,2,Yes,No,2,UC,No,Not Hispanic or Latino,Yes,Yes,No,No,Female,6012,219643,Chao1,101.5,2.2308814169632
"31",Crohns disease, 1,Screening Colonoscopy, 1,Cincinnati,Student,1,Yes,No,2,CD,No,Not Hispanic or Latino,No,Yes,No,No,Male,4004,206700,Chao1,88,16.4150706807661
"32",Crohns disease, 1,Screening Colonoscopy, 1,MGH,Paid,2,Yes,Yes,2,CD,Yes,Not Hispanic or Latino,No,Yes,No,No,Male,2014,206547,Chao1,89,17.4616755312756
"33",non Inflammatory Bowel Disease, 1,Screening Colonoscopy, 1,Cincinnati,Student,2,Yes,No,3,nonIBD,No,Not Hispanic or Latino,No,Yes,No,No,Female,4018,206729,Chao1,66.75,16.6863120114664
"34",Crohns disease, 1,Screening Colonoscopy, 1,Cincinnati,Student,2,Yes,No,2,CD,No,Not Hispanic or Latino,No,Yes,No,No,Male,4020,206734,Chao1,75.3333333333333,0.758444414898222
"35",Crohns disease,32,Additional Biopsy,32,MGH,Paid,1,Yes,No,2,CD,No,Not Hispanic or Latino,No,No,Yes,No,Female,2008,215023,Chao1,93.5,17.9308518649752
"36",non Inflammatory Bowel Disease, 1,Screening Colonoscopy, 1,Cincinnati,Student,2,Yes,No,2,nonIBD,No,Not Hispanic or Latino,No,Yes,No,No,Female,4008,206703,Chao1,99.5,3.15979374048561
"37",ulcerative colitis, 1,Screening Colonoscopy, 1,Cincinnati,Student,2,Yes,No,3,UC,No,Not Hispanic or Latino,No,Yes,No,No,Male,4035,206761,Chao1,93.5,2.89840219674869
"38",non Inflammatory Bowel Disease, 1,Screening Colonoscopy, 1,MGH,Paid,2,No,No,2,nonIBD,No,Not Hispanic or Latino,No,Yes,No,No,Female,2060,215055,Chao1,90,3.88951727997213
"39",Crohns disease, 1,Screening Colonoscopy, 1,Cedars-Sinai,Paid,2,Yes,No,2,CD,No,Not Hispanic or Latino,No,Yes,No,No,Female,3001,206615,Chao1,61.25,5.36881912062606
"40",ulcerative colitis, 1,Screening Colonoscopy, 1,Cincinnati,Student,2,Yes,No,3,UC,No,Not Hispanic or Latino,No,Yes,No,No,Female,4019,206732,Chao1,84,0.124253724673501
"41",non Inflammatory Bowel Disease, 1,Screening Colonoscopy, 1,Cincinnati,Student,2,Yes,No,3,nonIBD,No,Not Hispanic or Latino,No,Yes,No,No,Male,4023,206741,Chao1,95.5,2.23077519806304
"42",Crohns disease, 1,Screening Colonoscopy, 1,Cincinnati,Student,2,Yes,No,3,CD,No,Not Hispanic or Latino,No,Yes,No,No,Male,4031,206755,Chao1,108,13.2193040664023
"43",Crohns disease, 1,Screening Colonoscopy, 1,MGH,Paid,2,Yes,Yes,2,CD,No,Not Hispanic or Latino,No,Yes,No,No,Female,2025,206569,Chao1,82,0.0993883734673619
"44",ulcerative colitis, 1,Screening Colonoscopy, 1,MGH Pediatrics,Student,2,Yes,No,2,UC,No,Not Hispanic or Latino,No,Yes,No,No,Male,6013,219645,Chao1,99,25.8782112631808
"45",Crohns disease, 1,Screening Colonoscopy, 1,Cedars-Sinai,Unknown/Not Reported,2,Yes,No,3,CD,No,Hispanic or Latino,No,Yes,No,No,Male,3017,206647,Chao1,88.5,2.59317879660976
"46",Crohns disease, 1,Screening Colonoscopy, 1,Cedars-Sinai,Paid,2,Yes,No,4,CD,No,Not Hispanic or Latino,No,Yes,No,No,Male,3030,206672,Chao1,43.25,5.36579018403934
"47",Crohns disease,32,Additional Biopsy,32,MGH,Paid,2,Yes,No,2,CD,No,Not Hispanic or Latino,No,Yes,No,No,Female,2028,215084,Chao1,70,5.53359150286999
"48",Crohns disease, 1,Screening Colonoscopy, 1,Cedars-Sinai,Unknown/Not Reported,2,Yes,No,3,CD,No,Hispanic or Latino,No,Yes,No,No,Male,3017,206648,Chao1,91.5,10.5576740276595
"49",non Inflammatory Bowel Disease, 1,Screening Colonoscopy, 1,Cedars-Sinai,Unknown/Not Reported,2,Yes,No,2,nonIBD,No,Not Hispanic or Latino,No,Yes,No,No,Male,3022,206657,Chao1,88.75,1.42259572934651
"50",non Inflammatory Bowel Disease, 1,Screening Colonoscopy, 1,Cedars-Sinai,Unknown/Not Reported,2,Yes,No,2,nonIBD,No,Not Hispanic or Latino,No,Yes,No,No,Male,3022,206658,Chao1,85,6.03299749904883
"51",ulcerative colitis, 1,Screening Colonoscopy, 1,Cedars-Sinai,Paid,2,Yes,No,3,UC,No,Not Hispanic or Latino,No,Yes,No,No,Female,3037,206683,Chao1,86.5,2.59306545218326
"52",ulcerative colitis, 1,Screening Colonoscopy, 1,MGH,Student,3,Yes,No,3,UC,No,Not Hispanic or Latino,No,Yes,No,No,Female,2026,206571,Chao1,66.25,9.54660165629436
"53",ulcerative colitis, 1,Screening Colonoscopy, 1,MGH,Student,3,Yes,No,3,UC,No,Not Hispanic or Latino,No,No,No,No,Female,2026,206603,Chao1,81,10.7645967509181
"54",ulcerative colitis, 1,Screening Colonoscopy, 1,MGH,Student,3,Yes,No,3,UC,No,Not Hispanic or Latino,No,Yes,No,No,Female,2026,206572,Chao1,72,8.47215391593594
"55",Crohns disease, 1,Screening Colonoscopy, 1,MGH,Paid,2,Yes,No,2,CD,No,Not Hispanic or Latino,No,Yes,No,No,Female,2028,206608,Chao1,84.5,3.44393561098397
"56",non Inflammatory Bowel Disease, 1,Screening Colonoscopy, 1,MGH,Paid,2,No,No,2,nonIBD,No,Not Hispanic or Latino,No,Yes,No,No,Male,2061,215057,Chao1,86.4285714285714,1.93420513933577
"57",ulcerative colitis, 1,Screening Colonoscopy, 1,Cedars-Sinai,Unknown/Not Reported,2,Yes,No,3,UC,No,Not Hispanic or Latino,No,Yes,No,No,Female,3034,206677,Chao1,51.6666666666667,2.20355059054644
"58",non Inflammatory Bowel Disease,32,Additional Biopsy,32,Cincinnati,Student,2,Yes,No,2,nonIBD,No,Not Hispanic or Latino,No,Yes,No,No,Female,4008,206753,Chao1,94.5,3.15966226177191
"59",non Inflammatory Bowel Disease, 1,Screening Colonoscopy, 1,Cincinnati,Student,2,Yes,No,3,nonIBD,No,Not Hispanic or Latino,No,Yes,No,No,Female,4022,206739,Chao1,101,1.81622682173422
"60",Crohns disease, 1,Screening Colonoscopy, 1,MGH,Paid,2,Yes,Yes,2,CD,No,Not Hispanic or Latino,No,Yes,No,No,Female,2025,206570,Chao1,90.75,1.42262334430167
"61",non Inflammatory Bowel Disease, 1,Screening Colonoscopy, 1,MGH,Paid,2,No,No,2,nonIBD,No,Not Hispanic or Latino,No,Yes,No,No,Male,2061,215058,Chao1,76,4.63503534307765
"62",Crohns disease, 1,Screening Colonoscopy, 1,MGH Pediatrics,Student,2,Yes,No,2,CD,No,Not Hispanic or Latino,No,Yes,No,No,Male,6005,219633,Chao1,76.5,2.23032886141604
"63",non Inflammatory Bowel Disease, 1,Screening Colonoscopy, 1,Cincinnati,Student,2,Yes,No,2,nonIBD,No,Not Hispanic or Latino,No,Yes,No,No,Female,4009,206711,Chao1,92.75,4.2071090141258
"64",Crohns disease, 1,Screening Colonoscopy, 1,Cincinnati,Student,2,Yes,No,3,CD,No,Not Hispanic or Latino,No,Yes,No,No,Female,4028,206750,Chao1,104.5,10.5608285886321
"65",ulcerative colitis, 1,Screening Colonoscopy, 1,Cincinnati,Student,1,Yes,No,3,UC,No,Not Hispanic or Latino,No,Yes,No,No,Female,4040,206770,Chao1,100,6.65108073924832
"66",ulcerative colitis, 1,Screening Colonoscopy, 1,Cincinnati,Student,1,Yes,No,2,UC,No,Not Hispanic or Latino,No,Yes,No,No,Male,4042,224330,Chao1,80.6,1.18550049109735
"67",non Inflammatory Bowel Disease, 1,Screening Colonoscopy, 1,Cincinnati,Student,2,Yes,No,3,nonIBD,No,Not Hispanic or Latino,No,Yes,No,No,Female,4045,224324,Chao1,76.75,1.25523258426256
"68",non Inflammatory Bowel Disease, 1,Screening Colonoscopy, 1,Cincinnati,Student,2,Yes,No,3,nonIBD,No,Not Hispanic or Latino,No,Yes,No,No,Female,4045,224323,Chao1,77,3.41779149470805
"69",Crohns disease, 1,Screening Colonoscopy, 1,MGH,Paid,2,Yes,No,2,CD,No,Not Hispanic or Latino,No,Yes,No,No,Male,2027,206605,Chao1,88.5,8.1624787486421
"70",non Inflammatory Bowel Disease, 1,Screening Colonoscopy, 1,MGH,Paid,2,No,No,2,nonIBD,No,Not Hispanic or Latino,No,Yes,No,No,Male,2042,215010,Chao1,103,13.9051921573216
"71",non Inflammatory Bowel Disease, 1,Screening Colonoscopy, 1,MGH,Paid,2,No,No,2,nonIBD,No,Not Hispanic or Latino,No,Yes,No,No,Male,2042,215009,Chao1,94,2.58483712808436
"72",ulcerative colitis, 1,Screening Colonoscopy, 1,Cincinnati,Student,2,Yes,No,3,UC,No,Not Hispanic or Latino,No,Yes,No,No,Female,4019,206731,Chao1,102,6.65119221216296
"73",non Inflammatory Bowel Disease, 1,Screening Colonoscopy, 1,MGH Pediatrics,Student,2,Yes,No,2,nonIBD,No,Not Hispanic or Latino,No,Yes,No,No,Male,6017,219655,Chao1,87,1.58022986833613
"74",ulcerative colitis, 1,Screening Colonoscopy, 1,Cedars-Sinai,Paid,2,Yes,No,3,UC,No,Not Hispanic or Latino,No,Yes,No,No,Female,3032,206675,Chao1,84,12.8354461258141
"75",non Inflammatory Bowel Disease,32,Additional Biopsy,32,Cincinnati,Student,2,Yes,No,2,nonIBD,No,Not Hispanic or Latino,No,Yes,No,No,Female,4008,206752,Chao1,112.333333333333,15.0735809913325
"76",Crohns disease, 1,Screening Colonoscopy, 1,Cincinnati,Student,2,Yes,No,3,CD,No,Not Hispanic or Latino,No,Yes,No,No,Male,4038,206766,Chao1,87,5.53538483873516
"77",non Inflammatory Bowel Disease, 1,Screening Colonoscopy, 1,MGH Pediatrics,Student,2,Yes,No,2,nonIBD,No,Not Hispanic or Latino,No,Yes,No,No,Female,6018,219657,Chao1,63.2,10.2139651235112
"78",ulcerative colitis, 1,Screening Colonoscopy, 1,Cincinnati,Student,2,Yes,No,2,UC,No,Not Hispanic or Latino,No,Yes,No,No,Male,4010,206713,Chao1,92,2.88340244534747
"79",Crohns disease, 1,Screening Colonoscopy, 1,MGH Pediatrics,Student,2,Yes,No,2,CD,No,Not Hispanic or Latino,No,Yes,No,No,Male,6005,219634,Chao1,77,1.58011178299298
"80",ulcerative colitis, 1,Screening Colonoscopy, 1,Cedars-Sinai,Paid,3,Yes,No,3,UC,No,Not Hispanic or Latino,No,No,No,No,Female,3003,206622,Chao1,60.75,11.1631024634768
"81",ulcerative colitis, 1,Screening Colonoscopy, 1,Cedars-Sinai,Paid,2,Yes,No,4,UC,No,Not Hispanic or Latino,No,Yes,No,No,Male,3029,206670,Chao1,92.2,10.2175569200429
"82",Crohns disease, 1,Screening Colonoscopy, 1,Cincinnati,Student,2,Yes,No,2,CD,No,Not Hispanic or Latino,No,Yes,No,No,Female,4007,206708,Chao1,84.625,2.82715918287343
"83",ulcerative colitis, 1,Screening Colonoscopy, 1,Cedars-Sinai,Paid,2,Yes,No,4,UC,No,Not Hispanic or Latino,No,Yes,No,No,Male,3006,206629,Chao1,67.2,6.4360638481251
"84",Crohns disease, 1,Screening Colonoscopy, 1,Cincinnati,Student,2,Yes,No,3,CD,No,Not Hispanic or Latino,No,Yes,No,No,Male,4031,206756,Chao1,101.2,4.3392355567993
"85",ulcerative colitis, 1,Screening Colonoscopy, 1,Cincinnati,Student,2,Yes,No,3,UC,No,Not Hispanic or Latino,No,Yes,No,No,Male,4035,206762,Chao1,80.4285714285714,0.912563066966333
"86",Crohns disease,32,Additional Biopsy,32,MGH,Student,2,Yes,No,2,CD,No,Not Hispanic or Latino,No,Yes,No,No,Male,2021,206563,Chao1,79,1.81569962261106
"87",Crohns disease,32,Additional Biopsy,32,Cincinnati,Student,2,Yes,No,2,CD,No,Not Hispanic or Latino,No,Yes,No,No,Female,4007,206746,Chao1,92.25,9.55027824815637
"88",Crohns disease,32,Additional Biopsy,32,Cincinnati,Student,2,Yes,No,2,CD,No,Not Hispanic or Latino,No,Yes,No,No,Female,4007,206747,Chao1,80.25,5.37054146569368
"89",ulcerative colitis, 1,Screening Colonoscopy, 1,Cincinnati,Student,2,Yes,No,2,UC,No,Not Hispanic or Latino,No,Yes,No,No,Male,4010,206712,Chao1,93.5,2.89840219674869
"90",Crohns disease, 1,Screening Colonoscopy, 1,Cincinnati,Student,2,Yes,No,2,CD,No,Not Hispanic or Latino,No,Yes,No,No,Female,4014,206721,Chao1,92.75,4.2071090141258
"91",Crohns disease, 1,Screening Colonoscopy, 1,Cedars-Sinai,Paid,2,Yes,No,3,CD,No,Not Hispanic or Latino,No,Yes,No,No,Female,3031,206673,Chao1,80.5,2.23044034451379
"92",Crohns disease, 1,Screening Colonoscopy, 1,Cincinnati,Student,2,Yes,No,3,CD,No,Not Hispanic or Latino,No,Yes,No,No,Female,4017,206728,Chao1,77.75,4.20640499074227
"93",Crohns disease, 1,Screening Colonoscopy, 1,Cincinnati,Student,2,Yes,No,3,CD,No,Not Hispanic or Latino,No,Yes,No,No,Male,4038,206767,Chao1,72.25,5.36992674192748
"94",Crohns disease, 1,Screening Colonoscopy, 1,Cincinnati,Student,2,Yes,No,3,CD,No,Not Hispanic or Latino,No,Yes,No,No,Female,4043,224327,Chao1,81.2,6.43715515600355
"95",Crohns disease, 1,Screening Colonoscopy, 1,MGH,Student,2,Yes,No,2,CD,No,Not Hispanic or Latino,No,Yes,No,No,Female,2068,215076,Chao1,68,3.41742937445849
"96",non Inflammatory Bowel Disease, 1,Screening Colonoscopy, 1,MGH,Paid,2,No,No,2,nonIBD,No,Not Hispanic or Latino,No,Yes,No,No,Male,2075,222171,Chao1,79.2,6.43702288611464
"97",non Inflammatory Bowel Disease, 1,Screening Colonoscopy, 1,MGH,Student,2,No,No,2,nonIBD,No,Not Hispanic or Latino,No,Yes,No,No,Female,2084,224845,Chao1,92.5,2.89838543643494
"98",ulcerative colitis, 1,Screening Colonoscopy, 1,MGH Pediatrics,Student,2,Yes,No,2,UC,No,Not Hispanic or Latino,No,Yes,No,No,Male,6025,219669,Chao1,97.2,0.621133968969181
"99",Crohns disease, 1,Screening Colonoscopy, 1,Cincinnati,Student,2,Yes,No,3,CD,No,Not Hispanic or Latino,No,Yes,No,No,Female,4017,206727,Chao1,79,2.58452062004602
"100",Crohns disease,32,Additional Biopsy,32,MGH,Paid,1,Yes,No,1,CD,No,Not Hispanic or Latino,No,Yes,No,Yes,Female,2008,215050,Chao1,90.5,10.5573937852063
"101",Crohns disease, 1,Screening Colonoscopy, 1,MGH,Paid,2,Yes,No,2,CD,No,Not Hispanic or Latino,No,Yes,No,No,Female,2028,206609,Chao1,98.5,14.7418135244565
"102",ulcerative colitis, 1,Screening Colonoscopy, 1,Cedars-Sinai,Paid,4,Yes,No,4,UC,No,Not Hispanic or Latino,No,No,No,No,Female,3004,206626,Chao1,68,25.7318611155623
"103",ulcerative colitis, 1,Screening Colonoscopy, 1,Cedars-Sinai,Paid,4,Yes,No,4,UC,No,Not Hispanic or Latino,No,Yes,No,No,Female,3004,206625,Chao1,37,2.87841714928279
"104",Crohns disease, 1,Screening Colonoscopy, 1,MGH,Student,2,Yes,Yes,2,CD,No,Not Hispanic or Latino,No,Yes,Yes,No,Male,2021,206561,Chao1,62,1.57986320355133
"105",Crohns disease, 1,Screening Colonoscopy, 1,Cedars-Sinai,Paid,2,Yes,No,3,CD,No,Not Hispanic or Latino,No,Yes,No,No,Male,3035,206681,Chao1,61,10.7589078609613
"106",non Inflammatory Bowel Disease, 1,Screening Colonoscopy, 1,Cincinnati,Student,2,Yes,No,3,nonIBD,No,Not Hispanic or Latino,No,Yes,No,No,Male,4024,206743,Chao1,99.1111111111111,3.10101911666429
"107",Crohns disease,32,Additional Biopsy,32,MGH,Student,2,Yes,No,2,CD,No,Not Hispanic or Latino,No,Yes,No,No,Male,2021,206564,Chao1,55.25,5.36802892942131
"108",ulcerative colitis, 1,Screening Colonoscopy, 1,MGH,Paid,2,Yes,No,2,UC,No,Not Hispanic or Latino,No,Yes,No,No,Male,2064,215062,Chao1,90.3333333333333,8.85848120003289
"109",Crohns disease,32,Additional Biopsy,32,MGH Pediatrics,Student,1,Yes,No,1,CD,No,Not Hispanic or Latino,No,Yes,No,Yes,Male,6016,219693,Chao1,59.75,4.20509324880811
"110",ulcerative colitis, 1,Screening Colonoscopy, 1,Cedars-Sinai,Unknown/Not Reported,2,Yes,No,3,UC,No,Not Hispanic or Latino,No,Yes,No,No,Female,3015,206643,Chao1,79,8.87311399108195
"111",non Inflammatory Bowel Disease, 1,Screening Colonoscopy, 1,MGH,Student,2,No,No,2,nonIBD,No,Not Hispanic or Latino,No,Yes,No,No,Female,2084,224844,Chao1,72.5,8.15826743777175
"112",Crohns disease, 1,Screening Colonoscopy, 1,Cedars-Sinai,Unknown/Not Reported,2,Yes,No,4,CD,No,Not Hispanic or Latino,No,Yes,No,No,Female,3021,206656,Chao1,49,0.0824786098842323
"113",ulcerative colitis, 1,Screening Colonoscopy, 1,MGH,Paid,2,Yes,No,2,UC,No,Not Hispanic or Latino,No,No,No,No,Male,2064,215061,Chao1,93,8.04398192198928
"114",Crohns disease,32,Additional Biopsy,32,Cincinnati,Student,2,Yes,No,3,CD,No,Not Hispanic or Latino,No,Yes,No,No,Male,4004,206757,Chao1,88.1428571428572,11.4643131068296
"115",non Inflammatory Bowel Disease, 1,Screening Colonoscopy, 1,MGH,Paid,2,No,No,2,nonIBD,No,Not Hispanic or Latino,No,Yes,No,No,Female,2039,215004,Chao1,37.5,2.22799423996862
"116",non Inflammatory Bowel Disease, 1,Screening Colonoscopy, 1,MGH,Paid,2,No,No,2,nonIBD,No,Not Hispanic or Latino,No,Yes,No,No,Male,2041,215008,Chao1,66.5,3.15856039350184
"117",Crohns disease, 1,Screening Colonoscopy, 1,MGH Pediatrics,Student,3,Yes,No,3,CD,No,Not Hispanic or Latino,No,Yes,No,Yes,Male,6016,219659,Chao1,38,6.01601481136195
"118",Crohns disease,32,Additional Biopsy,32,MGH,Paid,1,Yes,No,1,CD,No,Not Hispanic or Latino,No,No,No,No,Female,2025,215067,Chao1,94,3.41828624475245
"119",Crohns disease, 1,Screening Colonoscopy, 1,MGH,Paid,2,Yes,Yes,2,CD,Yes,Not Hispanic or Latino,No,Yes,No,No,Male,2014,206548,Chao1,56.75,4.2047936673804
"120",Crohns disease, 1,Screening Colonoscopy, 1,MGH,Student,2,Yes,No,2,CD,No,Not Hispanic or Latino,No,Yes,No,No,Female,2034,214994,Chao1,72.1428571428571,2.5301625376888
"121",non Inflammatory Bowel Disease, 1,Screening Colonoscopy, 1,MGH,Paid,2,No,No,2,nonIBD,No,Not Hispanic or Latino,No,Yes,No,No,Male,2047,215048,Chao1,114,30.3730551323072
"122",non Inflammatory Bowel Disease, 1,Screening Colonoscopy, 1,MGH Pediatrics,Student,2,Yes,No,2,nonIBD,No,Not Hispanic or Latino,No,Yes,No,No,Male,6017,219656,Chao1,92,12.8372382540147
"123",non Inflammatory Bowel Disease, 1,Screening Colonoscopy, 1,Cincinnati,Student,2,Yes,No,3,nonIBD,No,Not Hispanic or Latino,No,Yes,No,No,Male,4023,206740,Chao1,91,1.81601880439722
"124",Crohns disease, 1,Screening Colonoscopy, 1,MGH,Student,2,Yes,No,2,CD,No,Not Hispanic or Latino,No,Yes,No,No,Female,2068,215075,Chao1,76,3.41775549616688
"125",ulcerative colitis, 1,Screening Colonoscopy, 1,Cedars-Sinai,Paid,2,Yes,No,4,UC,No,Not Hispanic or Latino,No,Yes,No,No,Male,3006,206630,Chao1,58.1428571428572,2.52980649398436
"126",ulcerative colitis, 1,Screening Colonoscopy, 1,Cedars-Sinai,Paid,4,Yes,No,4,UC,No,Not Hispanic or Latino,No,Yes,No,No,Female,3004,206623,Chao1,9.5,2.5520889276702
"127",ulcerative colitis, 1,Screening Colonoscopy, 1,Cedars-Sinai,Unknown/Not Reported,2,Yes,No,3,UC,No,Not Hispanic or Latino,No,Yes,No,No,Female,3015,206644,Chao1,61,6.64744496706546
"128",Crohns disease, 1,Screening Colonoscopy, 1,Cincinnati,Student,2,Yes,No,2,CD,No,Not Hispanic or Latino,No,Yes,No,No,Male,4006,206702,Chao1,78,17.8852471149886
"129",Crohns disease, 1,Screening Colonoscopy, 1,Cincinnati,Student,2,Yes,No,2,CD,No,Not Hispanic or Latino,No,Yes,No,No,Male,4006,206701,Chao1,42.25,9.53918726884005
"130",Crohns disease, 1,Screening Colonoscopy, 1,Cincinnati,Student,2,Yes,No,3,CD,No,Not Hispanic or Latino,No,Yes,No,No,Male,4015,206724,Chao1,74.1111111111111,4.97487055479981
"131",non Inflammatory Bowel Disease, 1,Screening Colonoscopy, 1,Cincinnati,Student,2,Yes,No,3,nonIBD,No,Not Hispanic or Latino,No,Yes,No,No,Female,4018,206730,Chao1,40.3333333333333,4.11809770417761
"132",Crohns disease, 1,Screening Colonoscopy, 1,MGH Pediatrics,Student,2,Yes,No,2,CD,No,Not Hispanic or Latino,No,Yes,No,No,Male,6033,219691,Chao1,73.6666666666667,2.20418300370338
"133",Crohns disease,32,Additional Biopsy,32,Cincinnati,Student,2,Yes,No,3,CD,No,Not Hispanic or Latino,No,Yes,No,No,Male,4004,206758,Chao1,64.6666666666667,2.2039763188037
"134",ulcerative colitis, 1,Screening Colonoscopy, 1,MGH Pediatrics,Student,2,Yes,No,2,UC,No,Not Hispanic or Latino,No,Yes,No,No,Male,6013,219646,Chao1,83,17.5931257111736
"135",Crohns disease, 1,Screening Colonoscopy, 1,Cincinnati,Student,2,Yes,No,2,CD,No,Not Hispanic or Latino,No,Yes,No,No,Male,4020,206733,Chao1,88.4285714285714,7.25581519875422
"136",Crohns disease, 1,Screening Colonoscopy, 1,Cincinnati,Student,2,Yes,No,2,CD,No,Not Hispanic or Latino,No,Yes,No,No,Female,4007,206709,Chao1,81.5,1.02673863716082
"137",ulcerative colitis, 1,Screening Colonoscopy, 1,Cincinnati,Student,2,Yes,No,2,UC,No,Not Hispanic or Latino,No,Yes,No,No,Male,4044,224325,Chao1,91,0.124311289524712
"138",ulcerative colitis, 1,Screening Colonoscopy, 1,Cedars-Sinai,Unknown/Not Reported,2,Yes,No,3,UC,No,Not Hispanic or Latino,No,Yes,No,No,Female,3034,206678,Chao1,67.5,2.89780497317391
"139",Crohns disease, 1,Screening Colonoscopy, 1,Cincinnati,Student,2,Yes,No,3,CD,No,Not Hispanic or Latino,No,Yes,No,No,Female,4043,224328,Chao1,76,5.53431612493904
"140",Crohns disease, 1,Screening Colonoscopy, 1,MGH,Paid,3,Yes,Yes,3,CD,No,Not Hispanic or Latino,No,Yes,No,No,Female,2008,206534,Chao1,81.5,1.87483741626396
"141",Crohns disease, 1,Screening Colonoscopy, 1,MGH,Paid,2,Yes,No,2,CD,No,Not Hispanic or Latino,No,Yes,No,No,Male,2027,206604,Chao1,79.6666666666667,2.20429484184409
"142",non Inflammatory Bowel Disease, 1,Screening Colonoscopy, 1,MGH,Paid,2,No,No,2,nonIBD,No,Not Hispanic or Latino,No,Yes,No,No,Female,2039,215003,Chao1,64,1.57990308247057
"143",non Inflammatory Bowel Disease, 1,Screening Colonoscopy, 1,MGH,Paid,2,No,No,2,nonIBD,No,Not Hispanic or Latino,No,Yes,No,No,Male,2041,215007,Chao1,81,1.58016251703643
"144",Crohns disease,32,Additional Biopsy,32,MGH,Paid,2,Yes,No,2,CD,No,Not Hispanic or Latino,No,Yes,No,No,Female,2028,215085,Chao1,50.3333333333333,8.84866727813479
"145",Crohns disease, 1,Screening Colonoscopy, 1,Cedars-Sinai,Unknown/Not Reported,2,Yes,No,4,CD,No,Not Hispanic or Latino,No,Yes,No,No,Female,3021,206655,Chao1,76.5,22.7198410309269
"146",non Inflammatory Bowel Disease, 1,Screening Colonoscopy, 1,MGH,Paid,2,No,No,2,nonIBD,No,Not Hispanic or Latino,No,Yes,No,No,Female,2060,215056,Chao1,85.2,4.33872842192834
"147",Crohns disease, 1,Screening Colonoscopy, 1,Cedars-Sinai,Paid,2,Yes,No,3,CD,No,Not Hispanic or Latino,No,Yes,No,No,Female,3016,206645,Chao1,33,10.3206177874753
"148",Crohns disease, 1,Screening Colonoscopy, 1,Cedars-Sinai,Paid,2,Yes,No,4,CD,No,Not Hispanic or Latino,No,Yes,No,No,Male,3030,206671,Chao1,56,10.7568499770412
"149",Crohns disease, 1,Screening Colonoscopy, 1,MGH,Paid,3,Yes,Yes,3,CD,No,Not Hispanic or Latino,No,Yes,No,No,Female,2008,206538,Chao1,87.3333333333333,15.0682450772115
"150",Crohns disease, 1,Screening Colonoscopy, 1,Cedars-Sinai,Unknown/Not Reported,2,Yes,No,3,CD,No,Not Hispanic or Latino,No,Yes,No,No,Male,3023,206660,Chao1,74,3.18215385296819
"151",Crohns disease, 1,Screening Colonoscopy, 1,Cedars-Sinai,Paid,2,Yes,No,3,CD,No,Not Hispanic or Latino,No,Yes,No,No,Female,3027,206668,Chao1,32.25,5.36227254175089
"152",non Inflammatory Bowel Disease, 1,Screening Colonoscopy, 1,MGH,Paid,2,No,No,2,nonIBD,No,Not Hispanic or Latino,No,Yes,No,No,Male,2075,222170,Chao1,72,13.856406460551
"153",Crohns disease, 1,Screening Colonoscopy, 1,Cedars-Sinai,Paid,2,Yes,No,3,CD,No,Not Hispanic or Latino,No,Yes,No,No,Female,3027,206667,Chao1,78,20.0102982745645
"154",ulcerative colitis, 1,Screening Colonoscopy, 1,Cedars-Sinai,Retired,2,Yes,No,3,UC,No,Not Hispanic or Latino,No,Yes,No,No,Female,3005,206628,Chao1,24,2.87389270141724
"155",Crohns disease, 1,Screening Colonoscopy, 1,MGH Pediatrics,Student,2,Yes,No,2,CD,No,Not Hispanic or Latino,No,Yes,No,No,Male,6028,219675,Chao1,72,7.6125627163992
"156",Crohns disease, 1,Screening Colonoscopy, 1,MGH Pediatrics,Student,2,Yes,No,2,CD,No,Not Hispanic or Latino,No,Yes,No,No,Male,6028,219676,Chao1,69,3.41747427712084
"157",Crohns disease, 1,Screening Colonoscopy, 1,Cedars-Sinai,Retired,4,Yes,No,4,CD,No,Not Hispanic or Latino,No,Yes,No,No,Female,3002,206616,Chao1,16.3333333333333,4.10133973895372
"158",Crohns disease, 1,Screening Colonoscopy, 1,Cedars-Sinai,Paid,2,Yes,No,3,CD,No,Not Hispanic or Latino,No,Yes,No,No,Male,3035,206682,Chao1,48,8.86809590611198
"159",non Inflammatory Bowel Disease, 1,Screening Colonoscopy, 1,MGH Pediatrics,Student,2,Yes,No,2,nonIBD,No,Not Hispanic or Latino,No,Yes,No,No,Female,6018,219658,Chao1,27.75,1.41983862568004
"160",ulcerative colitis, 1,Screening Colonoscopy, 1,Cedars-Sinai,Paid,2,Yes,No,3,UC,No,Not Hispanic or Latino,No,Yes,No,No,Female,3011,206636,Chao1,63,21.4882766118186
"161",ulcerative colitis, 1,Screening Colonoscopy, 1,Cedars-Sinai,Paid,2,Yes,No,3,UC,No,Not Hispanic or Latino,No,Yes,No,No,Female,3032,206676,Chao1,106,25.8993425282617
"162",non Inflammatory Bowel Disease, 1,Screening Colonoscopy, 1,MGH,Unpaid/volunteer,2,No,No,2,nonIBD,No,Not Hispanic or Latino,No,Yes,No,No,Male,2072,215074,Chao1,100,17.4647581654536
"163",Crohns disease, 1,Screening Colonoscopy, 1,MGH Pediatrics,Student,1,Yes,No,2,CD,No,Not Hispanic or Latino,No,Yes,No,No,Male,6024,219668,Chao1,43,5.38435502820602
"164",Crohns disease, 1,Screening Colonoscopy, 1,Cedars-Sinai,Retired,4,Yes,No,4,CD,No,Not Hispanic or Latino,No,No,No,No,Female,3002,206618,Chao1,77,30.2495035915049
"165",ulcerative colitis, 1,Screening Colonoscopy, 1,Cedars-Sinai,Paid,4,Yes,No,4,UC,No,Not Hispanic or Latino,No,Yes,No,No,Female,3004,206624,Chao1,18,1.80747760944416
"166",Crohns disease, 1,Screening Colonoscopy, 1,Cedars-Sinai,Retired,4,Yes,No,4,CD,No,Not Hispanic or Latino,No,Yes,No,No,Female,3002,206619,Chao1,43,5.38435502820602
"167",Crohns disease, 1,Screening Colonoscopy, 1,Cincinnati,Student,2,Yes,No,3,CD,No,Not Hispanic or Latino,No,Yes,No,No,Female,4039,206768,Chao1,47.2,10.2100927136015
"168",ulcerative colitis, 1,Screening Colonoscopy, 1,Cedars-Sinai,Paid,3,Yes,No,3,UC,No,Not Hispanic or Latino,No,Yes,No,No,Female,3003,206620,Chao1,17.3333333333333,4.10296750598584
"169",ulcerative colitis, 1,Screening Colonoscopy, 1,Cedars-Sinai,Paid,2,Yes,No,4,UC,No,Not Hispanic or Latino,No,Yes,No,No,Male,3029,206669,Chao1,14,0.0602265069787145
"170",Crohns disease, 1,Screening Colonoscopy, 1,Cincinnati,Student,1,Yes,No,4,CD,No,Not Hispanic or Latino,No,Yes,No,Yes,Male,4001,206695,Chao1,51.75,11.1601323692326
"171",non Inflammatory Bowel Disease, 1,Screening Colonoscopy, 1,MGH,Paid,2,No,No,2,nonIBD,No,Not Hispanic or Latino,No,Yes,No,No,Male,2047,215049,Chao1,12,1.80213350925651
"172",Crohns disease, 1,Screening Colonoscopy, 1,MGH Pediatrics,Student,2,Yes,No,2,CD,No,Not Hispanic or Latino,No,Yes,No,No,Male,6009,219637,Chao1,9.25,0.729665209234734
"173",Crohns disease, 1,Screening Colonoscopy, 1,Cedars-Sinai,Retired,4,Yes,No,4,CD,No,Not Hispanic or Latino,No,Yes,No,No,Female,3002,206617,Chao1,24.5,2.58034169545549
"174",ulcerative colitis, 1,Screening Colonoscopy, 1,Cedars-Sinai,Retired,2,Yes,No,3,UC,No,Not Hispanic or Latino,No,Yes,No,No,Female,3005,206627,Chao1,5,0.447213595499958
"175",Crohns disease, 1,Screening Colonoscopy, 1,Cincinnati,Student,2,Yes,No,3,CD,No,Not Hispanic or Latino,No,Yes,No,No,Male,4015,206723,Chao1,8,0.467707173346743
"176",Crohns disease, 1,Screening Colonoscopy, 1,MGH Pediatrics,Student,2,Yes,No,2,CD,No,Not Hispanic or Latino,No,Yes,No,No,Male,6033,219692,Chao1,16.5,8.07880222895359
"177",Crohns disease, 1,Screening Colonoscopy, 1,Cincinnati,Student,2,Yes,No,3,CD,No,Not Hispanic or Latino,No,Yes,No,No,Female,4039,206769,Chao1,25,6
"178",ulcerative colitis, 1,Screening Colonoscopy, 1,Cedars-Sinai,Paid,3,Yes,No,3,UC,No,Not Hispanic or Latino,No,Yes,No,No,Female,3003,206621,Chao1,11.75,1.41436047686247
