Taxon1,Taxon2,Correlation,P.value,Statistic,Method
bacterium_N3a,Enterobacter_sp__NISOC_03,0.5483,0,10.4758580875266,Kendall's rank correlation tau
bacterium_N3a,Serratia_sp__SBS,0.7332,0,14.417899201298,Kendall's rank correlation tau
Enterobacter_sp__NISOC_03,Serratia_sp__SBS,0.5715,0,10.8376329425252,Kendall's rank correlation tau
Lelliottia_amnigena,Serratia_sp__SBS,0.3001,0,5.78781565543885,Kendall's rank correlation tau
Not_Assigned,uncultured_organism,0.3103,0,6.14796913065176,Kendall's rank correlation tau
uncultured_bacterium,uncultured_organism,0.3467,0,6.87007015858948,Kendall's rank correlation tau
