#Name,ForwardFastqFile,ReverseFastqFile,TreatmentGroup,Project,Participant ID,site_sub_coll,visit_num,IntervalName,IntervalSequence,ProjectSpecificID,site_name,Occupation,Number of flora tubes collected,Have samples been sent for histopathology,ECP received at Washington U,Number of DNA/RNA tubes collected,diagnosis,Aphthous ulcers,Abscess,Hispanic or Latino Origin,Was subject terminated by investigator,is_inflamed,Partial Endoscopy,race,Partial Endoscopy.1,sex,Description
206615,HMP.2.206615_R1.fq,HMP.2.206615_R2.fq,Crohns disease,C3001CSC1_BP,C3001,C3001CSC1,1,Screening Colonoscopy,1,3001,Cedars-Sinai,Paid,2,Yes,No,2,CD,No,No,Not Hispanic or Latino,No,Yes,No,White,No,Female,Rectum
206614,HMP.2.206614_R1.fq,HMP.2.206614_R2.fq,Crohns disease,C3001CSC2_BP,C3001,C3001CSC2,1,Screening Colonoscopy,1,3001,Cedars-Sinai,Paid,2,Yes,No,2,CD,No,No,Not Hispanic or Latino,No,Yes,No,White,No,Female,Ileum
206617,HMP.2.206617_R1.fq,HMP.2.206617_R2.fq,Crohns disease,C3002CSC1_BP,C3002,C3002CSC1,1,Screening Colonoscopy,1,3002,Cedars-Sinai,Retired,4,Yes,No,4,CD,No,No,Not Hispanic or Latino,No,Yes,No,White,No,Female,Sigmoid Colon
206619,HMP.2.206619_R1.fq,HMP.2.206619_R2.fq,Crohns disease,C3002CSC2_BP,C3002,C3002CSC2,1,Screening Colonoscopy,1,3002,Cedars-Sinai,Retired,4,Yes,No,4,CD,No,No,Not Hispanic or Latino,No,Yes,No,White,No,Female,Rectum
206616,HMP.2.206616_R1.fq,HMP.2.206616_R2.fq,Crohns disease,C3002CSC3_BP,C3002,C3002CSC3,1,Screening Colonoscopy,1,3002,Cedars-Sinai,Retired,4,Yes,No,4,CD,No,No,Not Hispanic or Latino,No,Yes,No,White,No,Female,Ileum
206618,HMP.2.206618_R1.fq,HMP.2.206618_R2.fq,Crohns disease,C3002CSC4_BP,C3002,C3002CSC4,1,Screening Colonoscopy,1,3002,Cedars-Sinai,Retired,4,Yes,No,4,CD,No,No,Not Hispanic or Latino,No,No,No,White,No,Female,Sigmoid Colon
206621,HMP.2.206621_R1.fq,HMP.2.206621_R2.fq,ulcerative colitis,C3003CSC1_BP,C3003,C3003CSC1,1,Screening Colonoscopy,1,3003,Cedars-Sinai,Paid,3,Yes,No,3,UC,No,No,Not Hispanic or Latino,No,Yes,No,White,No,Female,Rectum
206622,HMP.2.206622_R1.fq,HMP.2.206622_R2.fq,ulcerative colitis,C3003CSC2_BP,C3003,C3003CSC2,1,Screening Colonoscopy,1,3003,Cedars-Sinai,Paid,3,Yes,No,3,UC,No,No,Not Hispanic or Latino,No,No,No,White,No,Female,Sigmoid Colon
206620,HMP.2.206620_R1.fq,HMP.2.206620_R2.fq,ulcerative colitis,C3003CSC3_BP,C3003,C3003CSC3,1,Screening Colonoscopy,1,3003,Cedars-Sinai,Paid,3,Yes,No,3,UC,No,No,Not Hispanic or Latino,No,Yes,No,White,No,Female,Ileum
206624,HMP.2.206624_R1.fq,HMP.2.206624_R2.fq,ulcerative colitis,C3004CSC1_BP,C3004,C3004CSC1,1,Screening Colonoscopy,1,3004,Cedars-Sinai,Paid,4,Yes,No,4,UC,No,No,Not Hispanic or Latino,No,Yes,No,White,No,Female,Rectum
206623,HMP.2.206623_R1.fq,HMP.2.206623_R2.fq,ulcerative colitis,C3004CSC2_BP,C3004,C3004CSC2,1,Screening Colonoscopy,1,3004,Cedars-Sinai,Paid,4,Yes,No,4,UC,No,No,Not Hispanic or Latino,No,Yes,No,White,No,Female,Ileum
206626,HMP.2.206626_R1.fq,HMP.2.206626_R2.fq,ulcerative colitis,C3004CSC3_BP,C3004,C3004CSC3,1,Screening Colonoscopy,1,3004,Cedars-Sinai,Paid,4,Yes,No,4,UC,No,No,Not Hispanic or Latino,No,No,No,White,No,Female,Descending left-sided  colon
206625,HMP.2.206625_R1.fq,HMP.2.206625_R2.fq,ulcerative colitis,C3004CSC4_BP,C3004,C3004CSC4,1,Screening Colonoscopy,1,3004,Cedars-Sinai,Paid,4,Yes,No,4,UC,No,No,Not Hispanic or Latino,No,Yes,No,White,No,Female,Sigmoid Colon
206628,HMP.2.206628_R1.fq,HMP.2.206628_R2.fq,ulcerative colitis,C3005CSC1_BP,C3005,C3005CSC1,1,Screening Colonoscopy,1,3005,Cedars-Sinai,Retired,2,Yes,No,3,UC,No,No,Not Hispanic or Latino,No,Yes,No,White,No,Female,Rectum
206627,HMP.2.206627_R1.fq,HMP.2.206627_R2.fq,ulcerative colitis,C3005CSC2_BP,C3005,C3005CSC2,1,Screening Colonoscopy,1,3005,Cedars-Sinai,Retired,2,Yes,No,3,UC,No,No,Not Hispanic or Latino,No,Yes,No,White,No,Female,Ileum
206630,HMP.2.206630_R1.fq,HMP.2.206630_R2.fq,ulcerative colitis,C3006CSC1_BP,C3006,C3006CSC1,1,Screening Colonoscopy,1,3006,Cedars-Sinai,Paid,2,Yes,No,4,UC,No,No,Not Hispanic or Latino,No,Yes,No,White,No,Male,Rectum
206629,HMP.2.206629_R1.fq,HMP.2.206629_R2.fq,ulcerative colitis,C3006CSC2_BP,C3006,C3006CSC2,1,Screening Colonoscopy,1,3006,Cedars-Sinai,Paid,2,Yes,No,4,UC,No,No,Not Hispanic or Latino,No,Yes,No,White,No,Male,Ileum
206636,HMP.2.206636_R1.fq,HMP.2.206636_R2.fq,ulcerative colitis,C3011CSC1_BP,C3011,C3011CSC1,1,Screening Colonoscopy,1,3011,Cedars-Sinai,Paid,2,Yes,No,3,UC,No,No,Not Hispanic or Latino,No,Yes,No,White,No,Female,Rectum
206635,HMP.2.206635_R1.fq,HMP.2.206635_R2.fq,ulcerative colitis,C3011CSC2_BP,C3011,C3011CSC2,1,Screening Colonoscopy,1,3011,Cedars-Sinai,Paid,2,Yes,No,3,UC,No,No,Not Hispanic or Latino,No,Yes,No,White,No,Female,Ileum
206644,HMP.2.206644_R1.fq,HMP.2.206644_R2.fq,ulcerative colitis,C3015CSC1_BP,C3015,C3015CSC1,1,Screening Colonoscopy,1,3015,Cedars-Sinai,Unknown/Not Reported,2,Yes,No,3,UC,No,No,Not Hispanic or Latino,No,Yes,No,White,No,Female,Rectum
206643,HMP.2.206643_R1.fq,HMP.2.206643_R2.fq,ulcerative colitis,C3015CSC2_BP,C3015,C3015CSC2,1,Screening Colonoscopy,1,3015,Cedars-Sinai,Unknown/Not Reported,2,Yes,No,3,UC,No,No,Not Hispanic or Latino,No,Yes,No,White,No,Female,Ileum
206645,HMP.2.206645_R1.fq,HMP.2.206645_R2.fq,Crohns disease,C3016CSC1_BP,C3016,C3016CSC1,1,Screening Colonoscopy,1,3016,Cedars-Sinai,Paid,2,Yes,No,3,CD,No,No,Not Hispanic or Latino,No,Yes,No,White,No,Female,Ileum
206646,HMP.2.206646_R1.fq,HMP.2.206646_R2.fq,Crohns disease,C3016CSC2_BP,C3016,C3016CSC2,1,Screening Colonoscopy,1,3016,Cedars-Sinai,Paid,2,Yes,No,3,CD,No,No,Not Hispanic or Latino,No,Yes,No,White,No,Female,Rectum
206648,HMP.2.206648_R1.fq,HMP.2.206648_R2.fq,Crohns disease,C3017CSC1_BP,C3017,C3017CSC1,1,Screening Colonoscopy,1,3017,Cedars-Sinai,Unknown/Not Reported,2,Yes,No,3,CD,No,No,Hispanic or Latino,No,Yes,No,Other,No,Male,Rectum
206647,HMP.2.206647_R1.fq,HMP.2.206647_R2.fq,Crohns disease,C3017CSC2_BP,C3017,C3017CSC2,1,Screening Colonoscopy,1,3017,Cedars-Sinai,Unknown/Not Reported,2,Yes,No,3,CD,No,No,Hispanic or Latino,No,Yes,No,Other,No,Male,Ileum
206656,HMP.2.206656_R1.fq,HMP.2.206656_R2.fq,Crohns disease,C3021CSC1_BP,C3021,C3021CSC1,1,Screening Colonoscopy,1,3021,Cedars-Sinai,Unknown/Not Reported,2,Yes,No,4,CD,No,No,Not Hispanic or Latino,No,Yes,No,White,No,Female,Rectum
206655,HMP.2.206655_R1.fq,HMP.2.206655_R2.fq,Crohns disease,C3021CSC2_BP,C3021,C3021CSC2,1,Screening Colonoscopy,1,3021,Cedars-Sinai,Unknown/Not Reported,2,Yes,No,4,CD,No,No,Not Hispanic or Latino,No,Yes,No,White,No,Female,Ileum
206657,HMP.2.206657_R1.fq,HMP.2.206657_R2.fq,non Inflammatory Bowel Disease,C3022CSC1_BP,C3022,C3022CSC1,1,Screening Colonoscopy,1,3022,Cedars-Sinai,Unknown/Not Reported,2,Yes,No,2,nonIBD,No,No,Not Hispanic or Latino,No,Yes,No,White,No,Male,Ileum
206658,HMP.2.206658_R1.fq,HMP.2.206658_R2.fq,non Inflammatory Bowel Disease,C3022CSC2_BP,C3022,C3022CSC2,1,Screening Colonoscopy,1,3022,Cedars-Sinai,Unknown/Not Reported,2,Yes,No,2,nonIBD,No,No,Not Hispanic or Latino,No,Yes,No,White,No,Male,Rectum
206659,HMP.2.206659_R1.fq,HMP.2.206659_R2.fq,Crohns disease,C3023CSC1_BP,C3023,C3023CSC1,1,Screening Colonoscopy,1,3023,Cedars-Sinai,Unknown/Not Reported,2,Yes,No,3,CD,No,No,Not Hispanic or Latino,No,Yes,No,White,No,Male,Ileum
206660,HMP.2.206660_R1.fq,HMP.2.206660_R2.fq,Crohns disease,C3023CSC2_BP,C3023,C3023CSC2,1,Screening Colonoscopy,1,3023,Cedars-Sinai,Unknown/Not Reported,2,Yes,No,3,CD,No,No,Not Hispanic or Latino,No,Yes,No,White,No,Male,Rectum
206667,HMP.2.206667_R1.fq,HMP.2.206667_R2.fq,Crohns disease,C3027CSC1_BP,C3027,C3027CSC1,1,Screening Colonoscopy,1,3027,Cedars-Sinai,Paid,2,Yes,No,3,CD,No,No,Not Hispanic or Latino,No,Yes,No,White,No,Female,Ileum
206668,HMP.2.206668_R1.fq,HMP.2.206668_R2.fq,Crohns disease,C3027CSC2_BP,C3027,C3027CSC2,1,Screening Colonoscopy,1,3027,Cedars-Sinai,Paid,2,Yes,No,3,CD,No,No,Not Hispanic or Latino,No,Yes,No,White,No,Female,Rectum
206670,HMP.2.206670_R1.fq,HMP.2.206670_R2.fq,ulcerative colitis,C3029CSC1_BP,C3029,C3029CSC1,1,Screening Colonoscopy,1,3029,Cedars-Sinai,Paid,2,Yes,No,4,UC,No,No,Not Hispanic or Latino,No,Yes,No,White,No,Male,Rectum
206669,HMP.2.206669_R1.fq,HMP.2.206669_R2.fq,ulcerative colitis,C3029CSC2_BP,C3029,C3029CSC2,1,Screening Colonoscopy,1,3029,Cedars-Sinai,Paid,2,Yes,No,4,UC,No,No,Not Hispanic or Latino,No,Yes,No,White,No,Male,Ileum
206671,HMP.2.206671_R1.fq,HMP.2.206671_R2.fq,Crohns disease,C3030CSC1_BP,C3030,C3030CSC1,1,Screening Colonoscopy,1,3030,Cedars-Sinai,Paid,2,Yes,No,4,CD,No,No,Not Hispanic or Latino,No,Yes,No,White,No,Male,Ileum
206672,HMP.2.206672_R1.fq,HMP.2.206672_R2.fq,Crohns disease,C3030CSC2_BP,C3030,C3030CSC2,1,Screening Colonoscopy,1,3030,Cedars-Sinai,Paid,2,Yes,No,4,CD,No,No,Not Hispanic or Latino,No,Yes,No,White,No,Male,Rectum
206673,HMP.2.206673_R1.fq,HMP.2.206673_R2.fq,Crohns disease,C3031CSC2_BP,C3031,C3031CSC2,1,Screening Colonoscopy,1,3031,Cedars-Sinai,Paid,2,Yes,No,3,CD,No,No,Not Hispanic or Latino,No,Yes,No,White,No,Female,Rectum
206676,HMP.2.206676_R1.fq,HMP.2.206676_R2.fq,ulcerative colitis,C3032CSC1_BP,C3032,C3032CSC1,1,Screening Colonoscopy,1,3032,Cedars-Sinai,Paid,2,Yes,No,3,UC,No,No,Not Hispanic or Latino,No,Yes,No,White,No,Female,Rectum
206675,HMP.2.206675_R1.fq,HMP.2.206675_R2.fq,ulcerative colitis,C3032CSC2_BP,C3032,C3032CSC2,1,Screening Colonoscopy,1,3032,Cedars-Sinai,Paid,2,Yes,No,3,UC,No,No,Not Hispanic or Latino,No,Yes,No,White,No,Female,Ileum
206677,HMP.2.206677_R1.fq,HMP.2.206677_R2.fq,ulcerative colitis,C3034CSC1_BP,C3034,C3034CSC1,1,Screening Colonoscopy,1,3034,Cedars-Sinai,Unknown/Not Reported,2,Yes,No,3,UC,No,No,Not Hispanic or Latino,No,Yes,No,White,No,Female,Ileum
206678,HMP.2.206678_R1.fq,HMP.2.206678_R2.fq,ulcerative colitis,C3034CSC2_BP,C3034,C3034CSC2,1,Screening Colonoscopy,1,3034,Cedars-Sinai,Unknown/Not Reported,2,Yes,No,3,UC,No,No,Not Hispanic or Latino,No,Yes,No,White,No,Female,Rectum
206681,HMP.2.206681_R1.fq,HMP.2.206681_R2.fq,Crohns disease,C3035CSC1_BP,C3035,C3035CSC1,1,Screening Colonoscopy,1,3035,Cedars-Sinai,Paid,2,Yes,No,3,CD,No,No,Not Hispanic or Latino,No,Yes,No,White,No,Male,Ileum
206682,HMP.2.206682_R1.fq,HMP.2.206682_R2.fq,Crohns disease,C3035CSC2_BP,C3035,C3035CSC2,1,Screening Colonoscopy,1,3035,Cedars-Sinai,Paid,2,Yes,No,3,CD,No,No,Not Hispanic or Latino,No,Yes,No,White,No,Male,Rectum
206684,HMP.2.206684_R1.fq,HMP.2.206684_R2.fq,ulcerative colitis,C3037CSC1_BP,C3037,C3037CSC1,1,Screening Colonoscopy,1,3037,Cedars-Sinai,Paid,2,Yes,No,3,UC,No,No,Not Hispanic or Latino,No,Yes,No,White,No,Female,Rectum
206683,HMP.2.206683_R1.fq,HMP.2.206683_R2.fq,ulcerative colitis,C3037CSC2_BP,C3037,C3037CSC2,1,Screening Colonoscopy,1,3037,Cedars-Sinai,Paid,2,Yes,No,3,UC,No,No,Not Hispanic or Latino,No,Yes,No,White,No,Female,Ileum
206695,HMP.2.206695_R1.fq,HMP.2.206695_R2.fq,Crohns disease,H4001CSC1_BP,H4001,H4001CSC1,1,Screening Colonoscopy,1,4001,Cincinnati,Student,1,Yes,No,4,CD,Yes,No,Not Hispanic or Latino,No,Yes,No,White,Yes,Male,Rectum
206700,HMP.2.206700_R1.fq,HMP.2.206700_R2.fq,Crohns disease,H4004CSC1_BP,H4004,H4004CSC1,1,Screening Colonoscopy,1,4004,Cincinnati,Student,1,Yes,No,2,CD,No,No,Not Hispanic or Latino,No,Yes,No,White,No,Male,Rectum
206757,HMP.2.206757_R1.fq,HMP.2.206757_R2.fq,Crohns disease,H4004CB1_BP,H4004,H4004CB1,32,Additional Biopsy,32,4004,Cincinnati,Student,2,Yes,No,3,CD,No,No,Not Hispanic or Latino,No,Yes,No,White,No,Male,Rectum
206758,HMP.2.206758_R1.fq,HMP.2.206758_R2.fq,Crohns disease,H4004CB2_BP,H4004,H4004CB2,32,Additional Biopsy,32,4004,Cincinnati,Student,2,Yes,No,3,CD,No,No,Not Hispanic or Latino,No,Yes,No,White,No,Male,Ileum
206702,HMP.2.206702_R1.fq,HMP.2.206702_R2.fq,Crohns disease,H4006CSC1_BP,H4006,H4006CSC1,1,Screening Colonoscopy,1,4006,Cincinnati,Student,2,Yes,No,2,CD,No,No,Not Hispanic or Latino,No,Yes,No,White,No,Male,Ileum
206701,HMP.2.206701_R1.fq,HMP.2.206701_R2.fq,Crohns disease,H4006CSC2_BP,H4006,H4006CSC2,1,Screening Colonoscopy,1,4006,Cincinnati,Student,2,Yes,No,2,CD,No,No,Not Hispanic or Latino,No,Yes,No,White,No,Male,Rectum
206708,HMP.2.206708_R1.fq,HMP.2.206708_R2.fq,Crohns disease,H4007CSC1_BP,H4007,H4007CSC1,1,Screening Colonoscopy,1,4007,Cincinnati,Student,2,Yes,No,2,CD,No,No,Not Hispanic or Latino,No,Yes,No,White,No,Female,Ileum
206709,HMP.2.206709_R1.fq,HMP.2.206709_R2.fq,Crohns disease,H4007CSC2_BP,H4007,H4007CSC2,1,Screening Colonoscopy,1,4007,Cincinnati,Student,2,Yes,No,2,CD,No,No,Not Hispanic or Latino,No,Yes,No,White,No,Female,Rectum
206746,HMP.2.206746_R1.fq,HMP.2.206746_R2.fq,Crohns disease,H4007CB1_BP,H4007,H4007CB1,32,Additional Biopsy,32,4007,Cincinnati,Student,2,Yes,No,2,CD,No,No,Not Hispanic or Latino,No,Yes,No,White,No,Female,Ileum
206747,HMP.2.206747_R1.fq,HMP.2.206747_R2.fq,Crohns disease,H4007CB2_BP,H4007,H4007CB2,32,Additional Biopsy,32,4007,Cincinnati,Student,2,Yes,No,2,CD,No,No,Not Hispanic or Latino,No,Yes,No,White,No,Female,Rectum
206704,HMP.2.206704_R1.fq,HMP.2.206704_R2.fq,non Inflammatory Bowel Disease,H4008CSC1_BP,H4008,H4008CSC1,1,Screening Colonoscopy,1,4008,Cincinnati,Student,2,Yes,No,2,nonIBD,No,No,Not Hispanic or Latino,No,Yes,No,White,No,Female,Rectum
206703,HMP.2.206703_R1.fq,HMP.2.206703_R2.fq,non Inflammatory Bowel Disease,H4008CSC2_BP,H4008,H4008CSC2,1,Screening Colonoscopy,1,4008,Cincinnati,Student,2,Yes,No,2,nonIBD,No,No,Not Hispanic or Latino,No,Yes,No,White,No,Female,Ileum
206753,HMP.2.206753_R1.fq,HMP.2.206753_R2.fq,non Inflammatory Bowel Disease,H4008CB1_BP,H4008,H4008CB1,32,Additional Biopsy,32,4008,Cincinnati,Student,2,Yes,No,2,nonIBD,No,No,Not Hispanic or Latino,No,Yes,No,White,No,Female,Rectum
206752,HMP.2.206752_R1.fq,HMP.2.206752_R2.fq,non Inflammatory Bowel Disease,H4008CB2_BP,H4008,H4008CB2,32,Additional Biopsy,32,4008,Cincinnati,Student,2,Yes,No,2,nonIBD,No,No,Not Hispanic or Latino,No,Yes,No,White,No,Female,Ileum
206711,HMP.2.206711_R1.fq,HMP.2.206711_R2.fq,non Inflammatory Bowel Disease,H4009CSC1_BP,H4009,H4009CSC1,1,Screening Colonoscopy,1,4009,Cincinnati,Student,2,Yes,No,2,nonIBD,No,No,Not Hispanic or Latino,No,Yes,No,White,No,Female,Rectum
206710,HMP.2.206710_R1.fq,HMP.2.206710_R2.fq,non Inflammatory Bowel Disease,H4009CSC2_BP,H4009,H4009CSC2,1,Screening Colonoscopy,1,4009,Cincinnati,Student,2,Yes,No,2,nonIBD,No,No,Not Hispanic or Latino,No,Yes,No,White,No,Female,Ileum
206713,HMP.2.206713_R1.fq,HMP.2.206713_R2.fq,ulcerative colitis,H4010CSC1_BP,H4010,H4010CSC1,1,Screening Colonoscopy,1,4010,Cincinnati,Student,2,Yes,No,2,UC,No,No,Not Hispanic or Latino,No,Yes,No,Black or African American,No,Male,Rectum
206712,HMP.2.206712_R1.fq,HMP.2.206712_R2.fq,ulcerative colitis,H4010CSC2_BP,H4010,H4010CSC2,1,Screening Colonoscopy,1,4010,Cincinnati,Student,2,Yes,No,2,UC,No,No,Not Hispanic or Latino,No,Yes,No,Black or African American,No,Male,Ileum
206719,HMP.2.206719_R1.fq,HMP.2.206719_R2.fq,non Inflammatory Bowel Disease,H4013CSC1_BP,H4013,H4013CSC1,1,Screening Colonoscopy,1,4013,Cincinnati,Student,2,Yes,No,2,nonIBD,No,No,Not Hispanic or Latino,No,Yes,No,More than one race,No,Male,Rectum
206718,HMP.2.206718_R1.fq,HMP.2.206718_R2.fq,non Inflammatory Bowel Disease,H4013CSC2_BP,H4013,H4013CSC2,1,Screening Colonoscopy,1,4013,Cincinnati,Student,2,Yes,No,2,nonIBD,No,No,Not Hispanic or Latino,No,Yes,No,More than one race,No,Male,Ileum
206720,HMP.2.206720_R1.fq,HMP.2.206720_R2.fq,Crohns disease,H4014CSC1_BP,H4014,H4014CSC1,1,Screening Colonoscopy,1,4014,Cincinnati,Student,2,Yes,No,2,CD,No,No,Not Hispanic or Latino,No,Yes,No,White,No,Female,Rectum
206721,HMP.2.206721_R1.fq,HMP.2.206721_R2.fq,Crohns disease,H4014CSC2_BP,H4014,H4014CSC2,1,Screening Colonoscopy,1,4014,Cincinnati,Student,2,Yes,No,2,CD,No,No,Not Hispanic or Latino,No,Yes,No,White,No,Female,Ileum
206723,HMP.2.206723_R1.fq,HMP.2.206723_R2.fq,Crohns disease,H4015CSC1_BP,H4015,H4015CSC1,1,Screening Colonoscopy,1,4015,Cincinnati,Student,2,Yes,No,3,CD,No,No,Not Hispanic or Latino,No,Yes,No,White,No,Male,Rectum
206724,HMP.2.206724_R1.fq,HMP.2.206724_R2.fq,Crohns disease,H4015CSC2_BP,H4015,H4015CSC2,1,Screening Colonoscopy,1,4015,Cincinnati,Student,2,Yes,No,3,CD,No,No,Not Hispanic or Latino,No,Yes,No,White,No,Male,Ileum
206726,HMP.2.206726_R1.fq,HMP.2.206726_R2.fq,non Inflammatory Bowel Disease,H4016CSC1_BP,H4016,H4016CSC1,1,Screening Colonoscopy,1,4016,Cincinnati,Student,2,Yes,No,3,nonIBD,No,No,Not Hispanic or Latino,No,Yes,No,White,No,Female,Rectum
206725,HMP.2.206725_R1.fq,HMP.2.206725_R2.fq,non Inflammatory Bowel Disease,H4016CSC2_BP,H4016,H4016CSC2,1,Screening Colonoscopy,1,4016,Cincinnati,Student,2,Yes,No,3,nonIBD,No,No,Not Hispanic or Latino,No,Yes,No,White,No,Female,Ileum
206728,HMP.2.206728_R1.fq,HMP.2.206728_R2.fq,Crohns disease,H4017CSC1_BP,H4017,H4017CSC1,1,Screening Colonoscopy,1,4017,Cincinnati,Student,2,Yes,No,3,CD,No,No,Not Hispanic or Latino,No,Yes,No,White,No,Female,Ileum
206727,HMP.2.206727_R1.fq,HMP.2.206727_R2.fq,Crohns disease,H4017CSC2_BP,H4017,H4017CSC2,1,Screening Colonoscopy,1,4017,Cincinnati,Student,2,Yes,No,3,CD,No,No,Not Hispanic or Latino,No,Yes,No,White,No,Female,Rectum
206730,HMP.2.206730_R1.fq,HMP.2.206730_R2.fq,non Inflammatory Bowel Disease,H4018CSC1_BP,H4018,H4018CSC1,1,Screening Colonoscopy,1,4018,Cincinnati,Student,2,Yes,No,3,nonIBD,No,No,Not Hispanic or Latino,No,Yes,No,White,No,Female,Rectum
206729,HMP.2.206729_R1.fq,HMP.2.206729_R2.fq,non Inflammatory Bowel Disease,H4018CSC2_BP,H4018,H4018CSC2,1,Screening Colonoscopy,1,4018,Cincinnati,Student,2,Yes,No,3,nonIBD,No,No,Not Hispanic or Latino,No,Yes,No,White,No,Female,Ileum
206732,HMP.2.206732_R1.fq,HMP.2.206732_R2.fq,ulcerative colitis,H4019CSC1_BP,H4019,H4019CSC1,1,Screening Colonoscopy,1,4019,Cincinnati,Student,2,Yes,No,3,UC,No,No,Not Hispanic or Latino,No,Yes,No,Black or African American,No,Female,Rectum
206731,HMP.2.206731_R1.fq,HMP.2.206731_R2.fq,ulcerative colitis,H4019CSC2_BP,H4019,H4019CSC2,1,Screening Colonoscopy,1,4019,Cincinnati,Student,2,Yes,No,3,UC,No,No,Not Hispanic or Latino,No,Yes,No,Black or African American,No,Female,Ileum
206754,HMP.2.206754_R1.fq,HMP.2.206754_R2.fq,ulcerative colitis,H4019CB1_BP,H4019,H4019CB1,32,Additional Biopsy,32,4019,Cincinnati,Student,1,Yes,No,3,UC,No,No,Not Hispanic or Latino,No,Yes,No,Black or African American,No,Female,Rectum
206734,HMP.2.206734_R1.fq,HMP.2.206734_R2.fq,Crohns disease,H4020CSC1_BP,H4020,H4020CSC1,1,Screening Colonoscopy,1,4020,Cincinnati,Student,2,Yes,No,2,CD,No,No,Not Hispanic or Latino,No,Yes,No,White,No,Male,Rectum
206733,HMP.2.206733_R1.fq,HMP.2.206733_R2.fq,Crohns disease,H4020CSC2_BP,H4020,H4020CSC2,1,Screening Colonoscopy,1,4020,Cincinnati,Student,2,Yes,No,2,CD,No,No,Not Hispanic or Latino,No,Yes,No,White,No,Male,Ileum
206739,HMP.2.206739_R1.fq,HMP.2.206739_R2.fq,non Inflammatory Bowel Disease,H4022CSC1_BP,H4022,H4022CSC1,1,Screening Colonoscopy,1,4022,Cincinnati,Student,2,Yes,No,3,nonIBD,No,No,Not Hispanic or Latino,No,Yes,No,White,No,Female,Rectum
206738,HMP.2.206738_R1.fq,HMP.2.206738_R2.fq,non Inflammatory Bowel Disease,H4022CSC2_BP,H4022,H4022CSC2,1,Screening Colonoscopy,1,4022,Cincinnati,Student,2,Yes,No,3,nonIBD,No,No,Not Hispanic or Latino,No,Yes,No,White,No,Female,Ileum
206741,HMP.2.206741_R1.fq,HMP.2.206741_R2.fq,non Inflammatory Bowel Disease,H4023CSC1_BP,H4023,H4023CSC1,1,Screening Colonoscopy,1,4023,Cincinnati,Student,2,Yes,No,3,nonIBD,No,No,Not Hispanic or Latino,No,Yes,No,White,No,Male,Rectum
206740,HMP.2.206740_R1.fq,HMP.2.206740_R2.fq,non Inflammatory Bowel Disease,H4023CSC2_BP,H4023,H4023CSC2,1,Screening Colonoscopy,1,4023,Cincinnati,Student,2,Yes,No,3,nonIBD,No,No,Not Hispanic or Latino,No,Yes,No,White,No,Male,Ileum
206742,HMP.2.206742_R1.fq,HMP.2.206742_R2.fq,non Inflammatory Bowel Disease,H4024CSC1_BP,H4024,H4024CSC1,1,Screening Colonoscopy,1,4024,Cincinnati,Student,2,Yes,No,3,nonIBD,No,No,Not Hispanic or Latino,No,Yes,No,White,No,Male,Rectum
206743,HMP.2.206743_R1.fq,HMP.2.206743_R2.fq,non Inflammatory Bowel Disease,H4024CSC2_BP,H4024,H4024CSC2,1,Screening Colonoscopy,1,4024,Cincinnati,Student,2,Yes,No,3,nonIBD,No,No,Not Hispanic or Latino,No,Yes,No,White,No,Male,Ileum
206750,HMP.2.206750_R1.fq,HMP.2.206750_R2.fq,Crohns disease,H4028CSC1_BP,H4028,H4028CSC1,1,Screening Colonoscopy,1,4028,Cincinnati,Student,2,Yes,No,3,CD,No,No,Not Hispanic or Latino,No,Yes,No,White,No,Female,Ileum
206751,HMP.2.206751_R1.fq,HMP.2.206751_R2.fq,Crohns disease,H4028CSC2_BP,H4028,H4028CSC2,1,Screening Colonoscopy,1,4028,Cincinnati,Student,2,Yes,No,3,CD,No,No,Not Hispanic or Latino,No,Yes,No,White,No,Female,Rectum
206756,HMP.2.206756_R1.fq,HMP.2.206756_R2.fq,Crohns disease,H4031CSC1_BP,H4031,H4031CSC1,1,Screening Colonoscopy,1,4031,Cincinnati,Student,2,Yes,No,3,CD,No,No,Not Hispanic or Latino,No,Yes,No,White,No,Male,Ileum
206755,HMP.2.206755_R1.fq,HMP.2.206755_R2.fq,Crohns disease,H4031CSC2_BP,H4031,H4031CSC2,1,Screening Colonoscopy,1,4031,Cincinnati,Student,2,Yes,No,3,CD,No,No,Not Hispanic or Latino,No,Yes,No,White,No,Male,Rectum
206762,HMP.2.206762_R1.fq,HMP.2.206762_R2.fq,ulcerative colitis,H4035CSC1_BP,H4035,H4035CSC1,1,Screening Colonoscopy,1,4035,Cincinnati,Student,2,Yes,No,3,UC,No,No,Not Hispanic or Latino,No,Yes,No,White,No,Male,Rectum
206761,HMP.2.206761_R1.fq,HMP.2.206761_R2.fq,ulcerative colitis,H4035CSC2_BP,H4035,H4035CSC2,1,Screening Colonoscopy,1,4035,Cincinnati,Student,2,Yes,No,3,UC,No,No,Not Hispanic or Latino,No,Yes,No,White,No,Male,Ileum
206767,HMP.2.206767_R1.fq,HMP.2.206767_R2.fq,Crohns disease,H4038CSC1_BP,H4038,H4038CSC1,1,Screening Colonoscopy,1,4038,Cincinnati,Student,2,Yes,No,3,CD,No,No,Not Hispanic or Latino,No,Yes,No,White,No,Male,Rectum
206766,HMP.2.206766_R1.fq,HMP.2.206766_R2.fq,Crohns disease,H4038CSC2_BP,H4038,H4038CSC2,1,Screening Colonoscopy,1,4038,Cincinnati,Student,2,Yes,No,3,CD,No,No,Not Hispanic or Latino,No,Yes,No,White,No,Male,Ileum
206769,HMP.2.206769_R1.fq,HMP.2.206769_R2.fq,Crohns disease,H4039CSC1_BP,H4039,H4039CSC1,1,Screening Colonoscopy,1,4039,Cincinnati,Student,2,Yes,No,3,CD,No,No,Not Hispanic or Latino,No,Yes,No,White,No,Female,Rectum
206768,HMP.2.206768_R1.fq,HMP.2.206768_R2.fq,Crohns disease,H4039CSC2_BP,H4039,H4039CSC2,1,Screening Colonoscopy,1,4039,Cincinnati,Student,2,Yes,No,3,CD,No,No,Not Hispanic or Latino,No,Yes,No,White,No,Female,Ileum
206770,HMP.2.206770_R1.fq,HMP.2.206770_R2.fq,ulcerative colitis,H4040CSC1_BP,H4040,H4040CSC1,1,Screening Colonoscopy,1,4040,Cincinnati,Student,1,Yes,No,3,UC,No,No,Not Hispanic or Latino,No,Yes,No,White,No,Female,Rectum
224330,HMP.2.224330_R1.fq,HMP.2.224330_R2.fq,ulcerative colitis,H4042CSC1_BP,H4042,H4042CSC1,1,Screening Colonoscopy,1,4042,Cincinnati,Student,1,Yes,No,2,UC,No,No,Not Hispanic or Latino,No,Yes,No,White,No,Male,Rectum
224327,HMP.2.224327_R1.fq,HMP.2.224327_R2.fq,Crohns disease,H4043CSC1_BP,H4043,H4043CSC1,1,Screening Colonoscopy,1,4043,Cincinnati,Student,2,Yes,No,3,CD,No,No,Not Hispanic or Latino,No,Yes,No,White,No,Female,Ileum
224328,HMP.2.224328_R1.fq,HMP.2.224328_R2.fq,Crohns disease,H4043CSC2_BP,H4043,H4043CSC2,1,Screening Colonoscopy,1,4043,Cincinnati,Student,2,Yes,No,3,CD,No,No,Not Hispanic or Latino,No,Yes,No,White,No,Female,Rectum
224325,HMP.2.224325_R1.fq,HMP.2.224325_R2.fq,ulcerative colitis,H4044CSC1_BP,H4044,H4044CSC1,1,Screening Colonoscopy,1,4044,Cincinnati,Student,2,Yes,No,2,UC,No,No,Not Hispanic or Latino,No,Yes,No,White,No,Male,Ileum
224326,HMP.2.224326_R1.fq,HMP.2.224326_R2.fq,ulcerative colitis,H4044CSC2_BP,H4044,H4044CSC2,1,Screening Colonoscopy,1,4044,Cincinnati,Student,2,Yes,No,2,UC,No,No,Not Hispanic or Latino,No,Yes,No,White,No,Male,Rectum
224324,HMP.2.224324_R1.fq,HMP.2.224324_R2.fq,non Inflammatory Bowel Disease,H4045CSC1_BP,H4045,H4045CSC1,1,Screening Colonoscopy,1,4045,Cincinnati,Student,2,Yes,No,3,nonIBD,No,No,Not Hispanic or Latino,No,Yes,No,White,No,Female,Rectum
224323,HMP.2.224323_R1.fq,HMP.2.224323_R2.fq,non Inflammatory Bowel Disease,H4045CSC2_BP,H4045,H4045CSC2,1,Screening Colonoscopy,1,4045,Cincinnati,Student,2,Yes,No,3,nonIBD,No,No,Not Hispanic or Latino,No,Yes,No,White,No,Female,Ileum
206536,HMP.2.206536_R1.fq,HMP.2.206536_R2.fq,Crohns disease,M2008CSC1_BP,M2008,M2008CSC1,1,Screening Colonoscopy,1,2008,MGH,Paid,3,Yes,Yes,3,CD,No,No,Not Hispanic or Latino,No,No,No,White,No,Female,Transverse colon
206538,HMP.2.206538_R1.fq,HMP.2.206538_R2.fq,Crohns disease,M2008CSC2_BP,M2008,M2008CSC2,1,Screening Colonoscopy,1,2008,MGH,Paid,3,Yes,Yes,3,CD,No,No,Not Hispanic or Latino,No,Yes,No,White,No,Female,Rectum
206534,HMP.2.206534_R1.fq,HMP.2.206534_R2.fq,Crohns disease,M2008CSC3_BP,M2008,M2008CSC3,1,Screening Colonoscopy,1,2008,MGH,Paid,3,Yes,Yes,3,CD,No,No,Not Hispanic or Latino,No,Yes,No,White,No,Female,Ileum
215050,HMP.2.215050_R1.fq,HMP.2.215050_R2.fq,Crohns disease,M2008CB1_BP,M2008,M2008CB1,32,Additional Biopsy,32,2008,MGH,Paid,1,Yes,No,1,CD,No,No,Not Hispanic or Latino,No,Yes,No,White,Yes,Female,Rectum
215023,HMP.2.215023_R1.fq,HMP.2.215023_R2.fq,Crohns disease,M2008CB2_BP,M2008,M2008CB2,32,Additional Biopsy,32,2008,MGH,Paid,1,Yes,No,2,CD,No,No,Not Hispanic or Latino,No,No,Yes,White,No,Female,Descending left-sided  colon
206548,HMP.2.206548_R1.fq,HMP.2.206548_R2.fq,Crohns disease,M2014CSC1_BP,M2014,M2014CSC1,1,Screening Colonoscopy,1,2014,MGH,Paid,2,Yes,Yes,2,CD,No,Yes,Not Hispanic or Latino,No,Yes,No,White,No,Male,Rectum
206547,HMP.2.206547_R1.fq,HMP.2.206547_R2.fq,Crohns disease,M2014CSC2_BP,M2014,M2014CSC2,1,Screening Colonoscopy,1,2014,MGH,Paid,2,Yes,Yes,2,CD,No,Yes,Not Hispanic or Latino,No,Yes,No,White,No,Male,Ileum
206562,HMP.2.206562_R1.fq,HMP.2.206562_R2.fq,Crohns disease,M2021CSC1_BP,M2021,M2021CSC1,1,Screening Colonoscopy,1,2021,MGH,Student,2,Yes,Yes,2,CD,No,No,Not Hispanic or Latino,No,No,Yes,White,No,Male,Rectum
206561,HMP.2.206561_R1.fq,HMP.2.206561_R2.fq,Crohns disease,M2021CSC2_BP,M2021,M2021CSC2,1,Screening Colonoscopy,1,2021,MGH,Student,2,Yes,Yes,2,CD,No,No,Not Hispanic or Latino,No,Yes,Yes,White,No,Male,Rectum
206564,HMP.2.206564_R1.fq,HMP.2.206564_R2.fq,Crohns disease,M2021CB1_BP,M2021,M2021CB1,32,Additional Biopsy,32,2021,MGH,Student,2,Yes,No,2,CD,No,No,Not Hispanic or Latino,No,Yes,No,White,No,Male,Cecum
206563,HMP.2.206563_R1.fq,HMP.2.206563_R2.fq,Crohns disease,M2021CB2_BP,M2021,M2021CB2,32,Additional Biopsy,32,2021,MGH,Student,2,Yes,No,2,CD,No,No,Not Hispanic or Latino,No,Yes,No,White,No,Male,Ileum
206570,HMP.2.206570_R1.fq,HMP.2.206570_R2.fq,Crohns disease,M2025CSC1_BP,M2025,M2025CSC1,1,Screening Colonoscopy,1,2025,MGH,Paid,2,Yes,Yes,2,CD,No,No,Not Hispanic or Latino,No,Yes,No,White,No,Female,Rectum
206569,HMP.2.206569_R1.fq,HMP.2.206569_R2.fq,Crohns disease,M2025CSC2_BP,M2025,M2025CSC2,1,Screening Colonoscopy,1,2025,MGH,Paid,2,Yes,Yes,2,CD,No,No,Not Hispanic or Latino,No,Yes,No,White,No,Female,Ileum
215067,HMP.2.215067_R1.fq,HMP.2.215067_R2.fq,Crohns disease,M2025CB1_BP,M2025,M2025CB1,32,Additional Biopsy,32,2025,MGH,Paid,1,Yes,No,1,CD,No,No,Not Hispanic or Latino,No,No,No,White,No,Female,Sigmoid Colon
206571,HMP.2.206571_R1.fq,HMP.2.206571_R2.fq,ulcerative colitis,M2026CSC1_BP,M2026,M2026CSC1,1,Screening Colonoscopy,1,2026,MGH,Student,3,Yes,No,3,UC,No,No,Not Hispanic or Latino,No,Yes,No,White,No,Female,Ileum
206603,HMP.2.206603_R1.fq,HMP.2.206603_R2.fq,ulcerative colitis,M2026CSC2_BP,M2026,M2026CSC2,1,Screening Colonoscopy,1,2026,MGH,Student,3,Yes,No,3,UC,No,No,Not Hispanic or Latino,No,No,No,White,No,Female,Ascending right-sided  colon
206572,HMP.2.206572_R1.fq,HMP.2.206572_R2.fq,ulcerative colitis,M2026CSC3_BP,M2026,M2026CSC3,1,Screening Colonoscopy,1,2026,MGH,Student,3,Yes,No,3,UC,No,No,Not Hispanic or Latino,No,Yes,No,White,No,Female,Rectum
206604,HMP.2.206604_R1.fq,HMP.2.206604_R2.fq,Crohns disease,M2027CSC1_BP,M2027,M2027CSC1,1,Screening Colonoscopy,1,2027,MGH,Paid,2,Yes,No,2,CD,No,No,Not Hispanic or Latino,No,Yes,No,Other,No,Male,Ileum
206605,HMP.2.206605_R1.fq,HMP.2.206605_R2.fq,Crohns disease,M2027CSC2_BP,M2027,M2027CSC2,1,Screening Colonoscopy,1,2027,MGH,Paid,2,Yes,No,2,CD,No,No,Not Hispanic or Latino,No,Yes,No,Other,No,Male,Rectum
206608,HMP.2.206608_R1.fq,HMP.2.206608_R2.fq,Crohns disease,M2028CSC1_BP,M2028,M2028CSC1,1,Screening Colonoscopy,1,2028,MGH,Paid,2,Yes,No,2,CD,No,No,Not Hispanic or Latino,No,Yes,No,White,No,Female,Ileum
206609,HMP.2.206609_R1.fq,HMP.2.206609_R2.fq,Crohns disease,M2028CSC2_BP,M2028,M2028CSC2,1,Screening Colonoscopy,1,2028,MGH,Paid,2,Yes,No,2,CD,No,No,Not Hispanic or Latino,No,Yes,No,White,No,Female,Rectum
215085,HMP.2.215085_R1.fq,HMP.2.215085_R2.fq,Crohns disease,M2028CB1_BP,M2028,M2028CB1,32,Additional Biopsy,32,2028,MGH,Paid,2,Yes,No,2,CD,No,No,Not Hispanic or Latino,No,Yes,No,White,No,Female,Rectum
215084,HMP.2.215084_R1.fq,HMP.2.215084_R2.fq,Crohns disease,M2028CB2_BP,M2028,M2028CB2,32,Additional Biopsy,32,2028,MGH,Paid,2,Yes,No,2,CD,No,No,Not Hispanic or Latino,No,Yes,No,White,No,Female,Ileum
214995,HMP.2.214995_R1.fq,HMP.2.214995_R2.fq,Crohns disease,M2034CSC1_BP,M2034,M2034CSC1,1,Screening Colonoscopy,1,2034,MGH,Student,2,Yes,No,2,CD,No,No,Not Hispanic or Latino,No,Yes,No,White,No,Female,Rectum
214994,HMP.2.214994_R1.fq,HMP.2.214994_R2.fq,Crohns disease,M2034CSC2_BP,M2034,M2034CSC2,1,Screening Colonoscopy,1,2034,MGH,Student,2,Yes,No,2,CD,No,No,Not Hispanic or Latino,No,Yes,No,White,No,Female,Ileum
215004,HMP.2.215004_R1.fq,HMP.2.215004_R2.fq,non Inflammatory Bowel Disease,M2039CSC1_BP,M2039,M2039CSC1,1,Screening Colonoscopy,1,2039,MGH,Paid,2,No,No,2,nonIBD,No,No,Not Hispanic or Latino,No,Yes,No,White,No,Female,Rectum
215003,HMP.2.215003_R1.fq,HMP.2.215003_R2.fq,non Inflammatory Bowel Disease,M2039CSC2_BP,M2039,M2039CSC2,1,Screening Colonoscopy,1,2039,MGH,Paid,2,No,No,2,nonIBD,No,No,Not Hispanic or Latino,No,Yes,No,White,No,Female,Ileum
215008,HMP.2.215008_R1.fq,HMP.2.215008_R2.fq,non Inflammatory Bowel Disease,M2041CSC1_BP,M2041,M2041CSC1,1,Screening Colonoscopy,1,2041,MGH,Paid,2,No,No,2,nonIBD,No,No,Not Hispanic or Latino,No,Yes,No,White,No,Male,Rectum
215007,HMP.2.215007_R1.fq,HMP.2.215007_R2.fq,non Inflammatory Bowel Disease,M2041CSC2_BP,M2041,M2041CSC2,1,Screening Colonoscopy,1,2041,MGH,Paid,2,No,No,2,nonIBD,No,No,Not Hispanic or Latino,No,Yes,No,White,No,Male,Ileum
215010,HMP.2.215010_R1.fq,HMP.2.215010_R2.fq,non Inflammatory Bowel Disease,M2042CSC1_BP,M2042,M2042CSC1,1,Screening Colonoscopy,1,2042,MGH,Paid,2,No,No,2,nonIBD,No,No,Not Hispanic or Latino,No,Yes,No,White,No,Male,Rectum
215009,HMP.2.215009_R1.fq,HMP.2.215009_R2.fq,non Inflammatory Bowel Disease,M2042CSC2_BP,M2042,M2042CSC2,1,Screening Colonoscopy,1,2042,MGH,Paid,2,No,No,2,nonIBD,No,No,Not Hispanic or Latino,No,Yes,No,White,No,Male,Ileum
215049,HMP.2.215049_R1.fq,HMP.2.215049_R2.fq,non Inflammatory Bowel Disease,M2047CSC1_BP,M2047,M2047CSC1,1,Screening Colonoscopy,1,2047,MGH,Paid,2,No,No,2,nonIBD,No,No,Not Hispanic or Latino,No,Yes,No,White,No,Male,Rectum
215048,HMP.2.215048_R1.fq,HMP.2.215048_R2.fq,non Inflammatory Bowel Disease,M2047CSC2_BP,M2047,M2047CSC2,1,Screening Colonoscopy,1,2047,MGH,Paid,2,No,No,2,nonIBD,No,No,Not Hispanic or Latino,No,Yes,No,White,No,Male,Ileum
215056,HMP.2.215056_R1.fq,HMP.2.215056_R2.fq,non Inflammatory Bowel Disease,M2060CSC1_BP,M2060,M2060CSC1,1,Screening Colonoscopy,1,2060,MGH,Paid,2,No,No,2,nonIBD,No,No,Not Hispanic or Latino,No,Yes,No,White,No,Female,Rectum
215055,HMP.2.215055_R1.fq,HMP.2.215055_R2.fq,non Inflammatory Bowel Disease,M2060CSC2_BP,M2060,M2060CSC2,1,Screening Colonoscopy,1,2060,MGH,Paid,2,No,No,2,nonIBD,No,No,Not Hispanic or Latino,No,Yes,No,White,No,Female,Ileum
215058,HMP.2.215058_R1.fq,HMP.2.215058_R2.fq,non Inflammatory Bowel Disease,M2061CSC1_BP,M2061,M2061CSC1,1,Screening Colonoscopy,1,2061,MGH,Paid,2,No,No,2,nonIBD,No,No,Not Hispanic or Latino,No,Yes,No,White,No,Male,Rectum
215057,HMP.2.215057_R1.fq,HMP.2.215057_R2.fq,non Inflammatory Bowel Disease,M2061CSC2_BP,M2061,M2061CSC2,1,Screening Colonoscopy,1,2061,MGH,Paid,2,No,No,2,nonIBD,No,No,Not Hispanic or Latino,No,Yes,No,White,No,Male,Ileum
215061,HMP.2.215061_R1.fq,HMP.2.215061_R2.fq,ulcerative colitis,M2064CSC1_BP,M2064,M2064CSC1,1,Screening Colonoscopy,1,2064,MGH,Paid,2,Yes,No,2,UC,No,No,Not Hispanic or Latino,No,No,No,More than one race,No,Male,Transverse colon
215062,HMP.2.215062_R1.fq,HMP.2.215062_R2.fq,ulcerative colitis,M2064CSC2_BP,M2064,M2064CSC2,1,Screening Colonoscopy,1,2064,MGH,Paid,2,Yes,No,2,UC,No,No,Not Hispanic or Latino,No,Yes,No,More than one race,No,Male,Rectum
215075,HMP.2.215075_R1.fq,HMP.2.215075_R2.fq,Crohns disease,M2068CSC1_BP,M2068,M2068CSC1,1,Screening Colonoscopy,1,2068,MGH,Student,2,Yes,No,2,CD,No,No,Not Hispanic or Latino,No,Yes,No,White,No,Female,Rectum
215076,HMP.2.215076_R1.fq,HMP.2.215076_R2.fq,Crohns disease,M2068CSC2_BP,M2068,M2068CSC2,1,Screening Colonoscopy,1,2068,MGH,Student,2,Yes,No,2,CD,No,No,Not Hispanic or Latino,No,Yes,No,White,No,Female,Ileum
215080,HMP.2.215080_R1.fq,HMP.2.215080_R2.fq,ulcerative colitis,M2069CSC1_BP,M2069,M2069CSC1,1,Screening Colonoscopy,1,2069,MGH,Paid,1,Yes,No,2,UC,No,No,Not Hispanic or Latino,No,Yes,No,White,No,Female,Rectum
215074,HMP.2.215074_R1.fq,HMP.2.215074_R2.fq,non Inflammatory Bowel Disease,M2072CSC1_BP,M2072,M2072CSC1,1,Screening Colonoscopy,1,2072,MGH,Unpaid/volunteer,2,No,No,2,nonIBD,No,No,Not Hispanic or Latino,No,Yes,No,White,No,Male,Rectum
215077,HMP.2.215077_R1.fq,HMP.2.215077_R2.fq,non Inflammatory Bowel Disease,M2072CSC2_BP,M2072,M2072CSC2,1,Screening Colonoscopy,1,2072,MGH,Unpaid/volunteer,2,No,No,2,nonIBD,No,No,Not Hispanic or Latino,No,Yes,No,White,No,Male,Ileum
222170,HMP.2.222170_R1.fq,HMP.2.222170_R2.fq,non Inflammatory Bowel Disease,M2075CSC1_BP,M2075,M2075CSC1,1,Screening Colonoscopy,1,2075,MGH,Paid,2,No,No,2,nonIBD,No,No,Not Hispanic or Latino,No,Yes,No,White,No,Male,Rectum
222171,HMP.2.222171_R1.fq,HMP.2.222171_R2.fq,non Inflammatory Bowel Disease,M2075CSC2_BP,M2075,M2075CSC2,1,Screening Colonoscopy,1,2075,MGH,Paid,2,No,No,2,nonIBD,No,No,Not Hispanic or Latino,No,Yes,No,White,No,Male,Ileum
224844,HMP.2.224844_R1.fq,HMP.2.224844_R2.fq,non Inflammatory Bowel Disease,M2084CSC1_BP,M2084,M2084CSC1,1,Screening Colonoscopy,1,2084,MGH,Student,2,No,No,2,nonIBD,No,No,Not Hispanic or Latino,No,Yes,No,White,No,Female,Rectum
224845,HMP.2.224845_R1.fq,HMP.2.224845_R2.fq,non Inflammatory Bowel Disease,M2084CSC2_BP,M2084,M2084CSC2,1,Screening Colonoscopy,1,2084,MGH,Student,2,No,No,2,nonIBD,No,No,Not Hispanic or Latino,No,Yes,No,White,No,Female,Ileum
219633,HMP.2.219633_R1.fq,HMP.2.219633_R2.fq,Crohns disease,P6005CSC1_BP,P6005,P6005CSC1,1,Screening Colonoscopy,1,6005,MGH Pediatrics,Student,2,Yes,No,2,CD,No,No,Not Hispanic or Latino,No,Yes,No,White,No,Male,Rectum
219634,HMP.2.219634_R1.fq,HMP.2.219634_R2.fq,Crohns disease,P6005CSC2_BP,P6005,P6005CSC2,1,Screening Colonoscopy,1,6005,MGH Pediatrics,Student,2,Yes,No,2,CD,No,No,Not Hispanic or Latino,No,Yes,No,White,No,Male,Ileum
219637,HMP.2.219637_R1.fq,HMP.2.219637_R2.fq,Crohns disease,P6009CSC1_BP,P6009,P6009CSC1,1,Screening Colonoscopy,1,6009,MGH Pediatrics,Student,2,Yes,No,2,CD,No,No,Not Hispanic or Latino,No,Yes,No,White,No,Male,Rectum
219638,HMP.2.219638_R1.fq,HMP.2.219638_R2.fq,Crohns disease,P6009CSC2_BP,P6009,P6009CSC2,1,Screening Colonoscopy,1,6009,MGH Pediatrics,Student,2,Yes,No,2,CD,No,No,Not Hispanic or Latino,No,Yes,No,White,No,Male,Ileum
219643,HMP.2.219643_R1.fq,HMP.2.219643_R2.fq,ulcerative colitis,P6012CSC1_BP,P6012,P6012CSC1,1,Screening Colonoscopy,1,6012,MGH Pediatrics,Student,2,Yes,No,2,UC,No,No,Not Hispanic or Latino,Yes,Yes,No,White,No,Female,Rectum
219644,HMP.2.219644_R1.fq,HMP.2.219644_R2.fq,ulcerative colitis,P6012CSC2_BP,P6012,P6012CSC2,1,Screening Colonoscopy,1,6012,MGH Pediatrics,Student,2,Yes,No,2,UC,No,No,Not Hispanic or Latino,Yes,Yes,No,White,No,Female,Ileum
219646,HMP.2.219646_R1.fq,HMP.2.219646_R2.fq,ulcerative colitis,P6013CSC1_BP,P6013,P6013CSC1,1,Screening Colonoscopy,1,6013,MGH Pediatrics,Student,2,Yes,No,2,UC,No,No,Not Hispanic or Latino,No,Yes,No,White,No,Male,Rectum
219645,HMP.2.219645_R1.fq,HMP.2.219645_R2.fq,ulcerative colitis,P6013CSC2_BP,P6013,P6013CSC2,1,Screening Colonoscopy,1,6013,MGH Pediatrics,Student,2,Yes,No,2,UC,No,No,Not Hispanic or Latino,No,Yes,No,White,No,Male,Ileum
219652,HMP.2.219652_R1.fq,HMP.2.219652_R2.fq,non Inflammatory Bowel Disease,P6014CSC1_BP,P6014,P6014CSC1,1,Screening Colonoscopy,1,6014,MGH Pediatrics,Student,2,Yes,No,2,nonIBD,No,No,Not Hispanic or Latino,Yes,Yes,No,White,No,Male,Ileum
219651,HMP.2.219651_R1.fq,HMP.2.219651_R2.fq,non Inflammatory Bowel Disease,P6014CSC2_BP,P6014,P6014CSC2,1,Screening Colonoscopy,1,6014,MGH Pediatrics,Student,2,Yes,No,2,nonIBD,No,No,Not Hispanic or Latino,Yes,Yes,No,White,No,Male,Rectum
219659,HMP.2.219659_R1.fq,HMP.2.219659_R2.fq,Crohns disease,P6016CSC1_BP,P6016,P6016CSC1,1,Screening Colonoscopy,1,6016,MGH Pediatrics,Student,3,Yes,No,3,CD,No,No,Not Hispanic or Latino,No,Yes,No,White,Yes,Male,Not Knonwn
219653,HMP.2.219653_R1.fq,HMP.2.219653_R2.fq,Crohns disease,P6016CSC2_BP,P6016,P6016CSC2,1,Screening Colonoscopy,1,6016,MGH Pediatrics,Student,3,Yes,No,3,CD,No,No,Not Hispanic or Latino,No,Yes,No,White,Yes,Male,Ileum
219654,HMP.2.219654_R1.fq,HMP.2.219654_R2.fq,Crohns disease,P6016CSC3_BP,P6016,P6016CSC3,1,Screening Colonoscopy,1,6016,MGH Pediatrics,Student,3,Yes,No,3,CD,No,No,Not Hispanic or Latino,No,Yes,No,White,Yes,Male,Rectum
219693,HMP.2.219693_R1.fq,HMP.2.219693_R2.fq,Crohns disease,P6016CB1_BP,P6016,P6016CB1,32,Additional Biopsy,32,6016,MGH Pediatrics,Student,1,Yes,No,1,CD,No,No,Not Hispanic or Latino,No,Yes,No,White,Yes,Male,Rectum
219656,HMP.2.219656_R1.fq,HMP.2.219656_R2.fq,non Inflammatory Bowel Disease,P6017CSC1_BP,P6017,P6017CSC1,1,Screening Colonoscopy,1,6017,MGH Pediatrics,Student,2,Yes,No,2,nonIBD,No,No,Not Hispanic or Latino,No,Yes,No,White,No,Male,Rectum
219655,HMP.2.219655_R1.fq,HMP.2.219655_R2.fq,non Inflammatory Bowel Disease,P6017CSC2_BP,P6017,P6017CSC2,1,Screening Colonoscopy,1,6017,MGH Pediatrics,Student,2,Yes,No,2,nonIBD,No,No,Not Hispanic or Latino,No,Yes,No,White,No,Male,Ileum
219657,HMP.2.219657_R1.fq,HMP.2.219657_R2.fq,non Inflammatory Bowel Disease,P6018CSC1_BP,P6018,P6018CSC1,1,Screening Colonoscopy,1,6018,MGH Pediatrics,Student,2,Yes,No,2,nonIBD,No,No,Not Hispanic or Latino,No,Yes,No,White,No,Female,Ileum
219658,HMP.2.219658_R1.fq,HMP.2.219658_R2.fq,non Inflammatory Bowel Disease,P6018CSC2_BP,P6018,P6018CSC2,1,Screening Colonoscopy,1,6018,MGH Pediatrics,Student,2,Yes,No,2,nonIBD,No,No,Not Hispanic or Latino,No,Yes,No,White,No,Female,Rectum
219668,HMP.2.219668_R1.fq,HMP.2.219668_R2.fq,Crohns disease,P6024CSC1_BP,P6024,P6024CSC1,1,Screening Colonoscopy,1,6024,MGH Pediatrics,Student,1,Yes,No,2,CD,No,No,Not Hispanic or Latino,No,Yes,No,American Indian or Alaska Native,No,Male,Rectum
219670,HMP.2.219670_R1.fq,HMP.2.219670_R2.fq,ulcerative colitis,P6025CSC1_BP,P6025,P6025CSC1,1,Screening Colonoscopy,1,6025,MGH Pediatrics,Student,2,Yes,No,2,UC,No,No,Not Hispanic or Latino,No,Yes,No,White,No,Male,Ileum
219669,HMP.2.219669_R1.fq,HMP.2.219669_R2.fq,ulcerative colitis,P6025CSC2_BP,P6025,P6025CSC2,1,Screening Colonoscopy,1,6025,MGH Pediatrics,Student,2,Yes,No,2,UC,No,No,Not Hispanic or Latino,No,Yes,No,White,No,Male,Rectum
219675,HMP.2.219675_R1.fq,HMP.2.219675_R2.fq,Crohns disease,P6028CSC1_BP,P6028,P6028CSC1,1,Screening Colonoscopy,1,6028,MGH Pediatrics,Student,2,Yes,No,2,CD,No,No,Not Hispanic or Latino,No,Yes,No,White,No,Male,Rectum
219676,HMP.2.219676_R1.fq,HMP.2.219676_R2.fq,Crohns disease,P6028CSC2_BP,P6028,P6028CSC2,1,Screening Colonoscopy,1,6028,MGH Pediatrics,Student,2,Yes,No,2,CD,No,No,Not Hispanic or Latino,No,Yes,No,White,No,Male,Ileum
219691,HMP.2.219691_R1.fq,HMP.2.219691_R2.fq,Crohns disease,P6033CSC1_BP,P6033,P6033CSC1,1,Screening Colonoscopy,1,6033,MGH Pediatrics,Student,2,Yes,No,2,CD,No,No,Not Hispanic or Latino,No,Yes,No,White,No,Male,Rectum
219692,HMP.2.219692_R1.fq,HMP.2.219692_R2.fq,Crohns disease,P6033CSC2_BP,P6033,P6033CSC2,1,Screening Colonoscopy,1,6033,MGH Pediatrics,Student,2,Yes,No,2,CD,No,No,Not Hispanic or Latino,No,Yes,No,White,No,Male,Ileum
