"",Pvalues,FDR
Lachnospiraceae_ND3007_group,3.8696e-05,0.0028635
Coprococcus_1,0.00018748,0.0058544
Ruminococcus_1,0.00023734,0.0058544
Family_XIII_AD3011_group,0.0032704,0.060503
Eubacterium_eligens_group,0.0050849,0.075257
Akkermansia,0.007477,0.092216
Actinomyces,0.011533,0.11727
Eubacterium_ventriosum_group,0.01382,0.11727
Eubacterium_rectale_group,0.015036,0.11727
Hungatella,0.017061,0.11727
Christensenellaceae_R_7_group,0.017432,0.11727
Dialister,0.022824,0.13455
Anaerostipes,0.025034,0.13455
Eggerthella,0.025455,0.13455
Bifidobacterium,0.031982,0.15778
Serratia,0.041896,0.18757
Flavonifractor,0.04309,0.18757
Lachnospiraceae_FCS020_group,0.050038,0.19497
Lachnoclostridium,0.050059,0.19497
Parasutterella,0.05425,0.20072
Raoultella,0.06562,0.23123
Enterobacter,0.072773,0.23569
uncultured,0.076871,0.23569
Phascolarctobacterium,0.079253,0.23569
Eisenbergiella,0.079623,0.23569
Coprococcus_3,0.088982,0.25326
Staphylococcus,0.1289,0.33601
Butyricicoccus,0.13361,0.33601
Bilophila,0.13513,0.33601
Escherichia_Shigella,0.14111,0.33601
Lachnospiraceae_UCG_004,0.14227,0.33601
Clostridium_innocuum_group,0.1453,0.33601
Fusicatenibacter,0.16136,0.36183
Parabacteroides,0.1747,0.38024
Intestinibacter,0.22254,0.46059
Tyzzerella,0.22407,0.46059
Ruminococcaceae_UCG_002,0.23454,0.46908
Lachnospira,0.26312,0.50881
Subdoligranulum,0.27133,0.50881
Gemella,0.27745,0.50881
Ruminococcus_gnavus_group,0.28587,0.50881
Eubacterium_xylanophilum_group,0.28878,0.50881
Ruminococcaceae_UCG_003,0.29977,0.51589
Ruminococcus_gauvreauii_group,0.32283,0.5345
Erysipelatoclostridium,0.32503,0.5345
Haemophilus,0.34198,0.55014
Streptococcus,0.37842,0.59581
Lachnospiraceae_NK4A136_group,0.40456,0.62369
Ruminococcus_torques_group,0.4213,0.63625
Sutterella,0.45276,0.67009
Dorea,0.46894,0.67431
Odoribacter,0.48393,0.67431
Ruminococcus_2,0.48987,0.67431
Faecalitalea,0.49206,0.67431
Ruminiclostridium_9,0.50544,0.68004
Faecalibacterium,0.54228,0.71659
Collinsella,0.56413,0.72321
Fusobacterium,0.56684,0.72321
Ruminococcaceae_UCG_004,0.58664,0.73578
Ruminiclostridium_5,0.62729,0.76322
Ruminiclostridium_6,0.62914,0.76322
Blautia,0.64582,0.77081
Granulicatella,0.65731,0.77207
Acinetobacter,0.73468,0.84948
Erysipelotrichaceae_UCG_003,0.8048,0.91092
Eubacterium_hallii_group,0.81244,0.91092
Bacteroides,0.84249,0.93052
Pseudomonas,0.90394,0.97049
Veillonella,0.90492,0.97049
Not_Assigned,0.9221,0.97479
Alistipes,0.95586,0.98794
Roseburia,0.96124,0.98794
Ruminococcaceae_UCG_013,0.98019,0.99361
Holdemania,0.99635,0.99635
