"",Taxa,Abundance,Percentage
"1",Bacteroides,1835728,38.93
"2",Faecalibacterium,672935,14.27
"3",Ruminococcus_torques_group,204095,4.33
"4",Escherichia_Shigella,182420,3.87
"5",Lachnoclostridium,112400,2.38
"6",Roseburia,102913,2.18
"7",Parabacteroides,101218,2.15
"8",uncultured,99505,2.11
"9",Blautia,80294,1.7
"10",Dorea,74680,1.58
"11",Alistipes,70492,1.49
"12",Anaerostipes,70394,1.49
"13",Ruminococcus_gnavus_group,66343,1.41
"14",Subdoligranulum,60593,1.29
"15",Lachnospiraceae_NK4A136_group,56840,1.21
"16",Dialister,53306,1.13
"17",Eubacterium_rectale_group,52944,1.12
"18",Veillonella,47848,1.01
"19",Akkermansia,45243,0.96
"20",Sutterella,42580,0.9
"21",Eubacterium_hallii_group,41436,0.88
"22",Parasutterella,39561,0.84
"23",Lachnospiraceae_UCG_004,38428,0.81
"24",Haemophilus,37766,0.8
"25",Raoultella,37057,0.79
"26",Bifidobacterium,32925,0.7
"27",Streptococcus,30305,0.64
"28",Fusicatenibacter,29974,0.64
"29",Bilophila,27578,0.58
"30",Erysipelotrichaceae_UCG_003,23850,0.51
"31",Ruminococcaceae_UCG_002,20347,0.43
"32",Coprococcus_1,19234,0.41
"33",Tyzzerella,18964,0.4
"34",Flavonifractor,18444,0.39
"35",Coprococcus_3,17645,0.37
"36",Phascolarctobacterium,14974,0.32
"37",Lachnospira,14622,0.31
"38",Not_Assigned,13311,0.28
"39",Ruminococcus_gauvreauii_group,13183,0.28
"40",Serratia,13010,0.28
"41",Ruminococcus_2,11741,0.25
"42",Eisenbergiella,11013,0.23
"43",Erysipelatoclostridium,10816,0.23
"44",Ruminiclostridium_9,10404,0.22
"45",Ruminiclostridium_5,10358,0.22
"46",Odoribacter,9283,0.2
"47",Fusobacterium,9015,0.19
"48",Ruminococcaceae_UCG_003,8139,0.17
"49",Intestinibacter,8102,0.17
"50",Butyricicoccus,7778,0.16
"51",Collinsella,7529,0.16
"52",Eubacterium_eligens_group,6689,0.14
"53",Clostridium_innocuum_group,5617,0.12
"54",Hungatella,5554,0.12
"55",Ruminococcus_1,5214,0.11
"56",Lachnospiraceae_ND3007_group,4742,0.1
"57",Enterobacter,4609,0.1
"58",Ruminiclostridium_6,4527,0.1
"59",Ruminococcaceae_UCG_004,4487,0.1
"60",Staphylococcus,4442,0.09
"61",Eubacterium_xylanophilum_group,3372,0.07
"62",Christensenellaceae_R_7_group,3282,0.07
"63",Granulicatella,3114,0.07
"64",Ruminococcaceae_UCG_013,2896,0.06
"65",Eubacterium_ventriosum_group,2712,0.06
"66",Faecalitalea,2411,0.05
"67",Gemella,2092,0.04
"68",Pseudomonas,1904,0.04
"69",Eggerthella,1683,0.04
"70",Actinomyces,1596,0.03
"71",Lachnospiraceae_FCS020_group,1384,0.03
"72",Acinetobacter,1213,0.03
"73",Holdemania,1132,0.02
"74",Family_XIII_AD3011_group,1044,0.02
