"",log2FC,logCPM,Pvalues,FDR
Staphylococcus,-3.0312,11.922,6.6528e-12,4.1951e-10
Eisenbergiella,-4.4506,12.73,1.1338e-11,4.1951e-10
Fusobacterium,-3.9963,12.547,2.6514e-09,6.5402e-08
Raoultella,-3.8666,14.472,5.1826e-09,9.5878e-08
Lachnospiraceae_ND3007_group,1.4278,9.8712,4.4039e-06,6.5178e-05
Lachnospiraceae_UCG_004,-2.1825,13.567,8.2531e-06,0.00010179
Haemophilus,-2.4644,14.405,1.8947e-05,0.00020029
Clostridium_innocuum_group,2.162,12.408,2.7627e-05,0.00025555
Coprococcus_1,1.5575,11.791,4.3362e-05,0.00034851
Family_XIII_AD3011_group,-1.3836,8.6714,4.7096e-05,0.00034851
Eggerthella,-1.4858,9.7006,0.00027747,0.0018666
Pseudomonas,-1.8542,10.9,0.00044578,0.002749
Ruminococcus_torques_group,-1.4256,16.007,0.00082138,0.0046755
Lachnospiraceae_FCS020_group,0.98732,8.5555,0.0011161,0.0058992
Dialister,-1.636,13.93,0.0026467,0.012241
Veillonella,-1.5684,15.042,0.0029324,0.012241
Ruminococcus_1,1.138,9.9408,0.0030101,0.012241
Dorea,-1.2069,14.497,0.0032173,0.012241
Parasutterella,-1.608,13.278,0.0033017,0.012241
Roseburia,-1.2201,14.729,0.0033084,0.012241
Serratia,-1.5846,13.523,0.0045671,0.016094
Lachnoclostridium,-1.129,15.717,0.0092203,0.031014
Enterobacter,-1.3901,12.104,0.010395,0.033444
Ruminococcaceae_UCG_002,1.009,11.821,0.012418,0.038215
Eubacterium_rectale_group,0.95223,13.446,0.013377,0.038215
Eubacterium_ventriosum_group,0.89559,9.0355,0.013427,0.038215
Faecalitalea,-1.205,10.051,0.014684,0.040245
Bilophila,-1.0384,12.558,0.015457,0.04085
Coprococcus_3,-1.0495,12.124,0.016255,0.041478
Escherichia_Shigella,-1.3702,17.401,0.01781,0.043932
Bacteroides,-0.85065,19.274,0.018435,0.044007
Hungatella,-1.2012,11.569,0.020127,0.046544
Akkermansia,1.1772,12.921,0.026648,0.059756
Actinomyces,-1.0165,10.388,0.033546,0.073013
Ruminococcus_2,0.96817,11.125,0.034953,0.0739
Collinsella,-0.89451,11.008,0.037601,0.077291
Ruminococcus_gnavus_group,1.0689,15.4,0.038783,0.077566
Flavonifractor,-0.87655,12.964,0.052336,0.10192
Erysipelotrichaceae_UCG_003,-0.90957,12.795,0.060056,0.11395
Phascolarctobacterium,-1.0011,12.039,0.074725,0.13824
Ruminococcus_gauvreauii_group,0.68388,11.653,0.097392,0.17578
Bifidobacterium,-0.79464,13.057,0.10658,0.18779
Ruminococcaceae_UCG_004,-0.63593,10.322,0.1195,0.20566
Erysipelatoclostridium,0.74479,12.581,0.13033,0.21568
Eubacterium_xylanophilum_group,-0.65119,9.7667,0.13116,0.21568
Butyricicoccus,0.46952,11.07,0.16692,0.26853
Christensenellaceae_R_7_group,0.50587,9.6626,0.18619,0.29316
Streptococcus,0.47631,13.924,0.22696,0.3495
Tyzzerella,-0.718,12.751,0.23235,0.3495
Odoribacter,-0.54686,11.064,0.23966,0.3495
Granulicatella,0.50697,11.042,0.24087,0.3495
Parabacteroides,-0.45361,14.562,0.2683,0.38181
Intestinibacter,-0.50535,11.716,0.28572,0.39669
Ruminiclostridium_5,-0.38363,11.793,0.2916,0.39669
Ruminiclostridium_9,-0.43291,11.292,0.29939,0.39669
Faecalibacterium,-0.40847,17.494,0.3002,0.39669
Eubacterium_eligens_group,0.33026,10.714,0.38383,0.4983
Subdoligranulum,0.29831,13.604,0.42199,0.5384
Ruminococcaceae_UCG_013,-0.26628,9.5497,0.45159,0.5664
Anaerostipes,0.29648,14.202,0.4657,0.57321
Not_Assigned,-0.26327,11.596,0.47251,0.57321
Acinetobacter,-0.22925,9.4911,0.48673,0.58093
Holdemania,-0.16918,8.9705,0.5757,0.67621
Gemella,0.1848,10.349,0.63858,0.73836
Sutterella,0.22648,13.543,0.66737,0.75401
Blautia,0.11881,14.191,0.6725,0.75401
Lachnospiraceae_NK4A136_group,0.10472,13.687,0.775,0.84572
Eubacterium_hallii_group,0.095107,13.17,0.77715,0.84572
Alistipes,0.092817,13.668,0.80426,0.86254
Fusicatenibacter,0.058725,12.875,0.84885,0.89217
uncultured,0.053612,14.948,0.856,0.89217
Lachnospira,-0.048295,12.007,0.94058,0.96671
Ruminococcaceae_UCG_003,0.0054339,10.743,0.95782,0.97094
Ruminiclostridium_6,-0.014414,9.9248,0.99715,0.99715
