id,tax_rank,tax_name,treatment_1,treatment_2,log2_median_ratio,median_diff,mean_diff,wilcox_p_value
ab,r,Root,ulcerative colitis,non Inflammatory Bowel Disease,0,0,0,
ac,p,Firmicutes,ulcerative colitis,non Inflammatory Bowel Disease,0.00822747131687543,0.00286943512847537,-0.00178015226964878,0.984501024538855
ad,p,Bacteroidetes,ulcerative colitis,non Inflammatory Bowel Disease,-0.248216519604175,-0.067539896525124,-0.0789163423805139,0.0768772951204687
ae,p,Proteobacteria,ulcerative colitis,non Inflammatory Bowel Disease,0.97627939761627,0.030605913746061,0.0880907872964076,0.0100855557062878
af,p,Actinobacteria,ulcerative colitis,non Inflammatory Bowel Disease,0.248726506201129,0.000631220188440826,0.00704535225646607,0.653352183388619
ag,p,Fusobacteria,ulcerative colitis,non Inflammatory Bowel Disease,0,0,-0.00041563099268416,0.314298610846254
ah,p,Verrucomicrobia,ulcerative colitis,non Inflammatory Bowel Disease,-Inf,-4.03714836731246e-05,-0.0140240139100267,0.0528412522654902
ai,c,Clostridia,ulcerative colitis,non Inflammatory Bowel Disease,-0.0464988439187242,-0.0150693248860698,-0.00226438268440549,0.978302731561937
aj,c,Bacteroidia,ulcerative colitis,non Inflammatory Bowel Disease,-0.248216519604175,-0.067539896525124,-0.0789163423805139,0.0768772951204687
ak,c,Betaproteobacteria,ulcerative colitis,non Inflammatory Bowel Disease,-1.39458927926646,-0.00531651975665687,0.00094705408685352,0.652570303382625
al,c,Negativicutes,ulcerative colitis,non Inflammatory Bowel Disease,-0.541011929192605,-0.00391931684220416,-0.000902841421726877,0.371238162693321
am,c,Gammaproteobacteria,ulcerative colitis,non Inflammatory Bowel Disease,1.94105832812974,0.0203686709889639,0.0870858873758663,0.078203269860982
an,c,Bacilli,ulcerative colitis,non Inflammatory Bowel Disease,0.0538504720088965,0.000107666199109591,-0.00316481812714966,0.984423235022255
ao,c,Actinobacteria,ulcerative colitis,non Inflammatory Bowel Disease,-0.472356655004703,-0.000706431385038914,0.00576712989214286,0.366251904655231
ap,c,Erysipelotrichia,ulcerative colitis,non Inflammatory Bowel Disease,0.422737111959922,0.00141182526097309,0.00455188996363322,0.346561231512597
aq,c,Fusobacteriia,ulcerative colitis,non Inflammatory Bowel Disease,0,0,-0.00041563099268416,0.314298610846254
ar,c,Deltaproteobacteria,ulcerative colitis,non Inflammatory Bowel Disease,-6.96062193219385,-0.00300449001817516,5.78458336877256e-05,0.00758962834190143
as,c,Coriobacteriia,ulcerative colitis,non Inflammatory Bowel Disease,-0.106994139273975,-4.8459017312007e-05,0.00127822236432321,0.482003857535981
at,c,Verrucomicrobiae,ulcerative colitis,non Inflammatory Bowel Disease,-Inf,-4.03714836731246e-05,-0.0140240139100267,0.0528412522654902
au,o,Clostridiales,ulcerative colitis,non Inflammatory Bowel Disease,-0.0464988439187242,-0.0150693248860698,-0.00226438268440549,0.978302731561937
av,o,Bacteroidales,ulcerative colitis,non Inflammatory Bowel Disease,-0.248216519604175,-0.067539896525124,-0.0789163423805139,0.0768772951204687
aw,o,Burkholderiales,ulcerative colitis,non Inflammatory Bowel Disease,-1.39458927926646,-0.00531651975665687,0.00094705408685352,0.652570303382625
ax,o,Selenomonadales,ulcerative colitis,non Inflammatory Bowel Disease,-0.541011929192605,-0.00391931684220416,-0.000902841421726877,0.371238162693321
ay,o,Enterobacteriales,ulcerative colitis,non Inflammatory Bowel Disease,2.9428687952708,0.0116244330154702,0.0609296239429559,0.0692977950633596
az,o,Lactobacillales,ulcerative colitis,non Inflammatory Bowel Disease,-0.0759632793569929,-0.000116033432473578,-0.0059119140202945,0.379515871093019
ba,o,Bacillales,ulcerative colitis,non Inflammatory Bowel Disease,0.256518695673872,0.00011016175594956,0.00274709589314484,0.653397131256759
bb,o,Bifidobacteriales,ulcerative colitis,non Inflammatory Bowel Disease,-0.262076288880299,-0.000307773094911094,0.00590789374112562,0.501799818833001
bc,o,Erysipelotrichales,ulcerative colitis,non Inflammatory Bowel Disease,0.422737111959922,0.00141182526097309,0.00455188996363322,0.346561231512597
bd,o,Fusobacteriales,ulcerative colitis,non Inflammatory Bowel Disease,0,0,-0.00041563099268416,0.314298610846254
be,o,Desulfovibrionales,ulcerative colitis,non Inflammatory Bowel Disease,-6.96062193219385,-0.00300449001817516,5.78458336877256e-05,0.00758962834190143
bf,o,Coriobacteriales,ulcerative colitis,non Inflammatory Bowel Disease,-0.106994139273975,-4.8459017312007e-05,0.00127822236432321,0.482003857535981
bg,o,Verrucomicrobiales,ulcerative colitis,non Inflammatory Bowel Disease,-Inf,-4.03714836731246e-05,-0.0140240139100267,0.0528412522654902
bh,o,Actinomycetales,ulcerative colitis,non Inflammatory Bowel Disease,0.889735405645,2.7966898797465e-05,-0.000140763848982766,0.822037593068657
bi,o,Pasteurellales,ulcerative colitis,non Inflammatory Bowel Disease,-1.20327855259904,-0.000425711022260744,0.00287656020995853,0.481026804425959
bj,o,Pseudomonadales,ulcerative colitis,non Inflammatory Bowel Disease,0.506458952207282,7.02267314995692e-05,0.0232797032229519,0.555391002944941
bk,f,Lachnospiraceae,ulcerative colitis,non Inflammatory Bowel Disease,0.161168641553663,0.027227383105422,0.0214940496320299,0.506843109742051
bl,f,Alcaligenaceae,ulcerative colitis,non Inflammatory Bowel Disease,-1.39458927926646,-0.00531651975665687,0.00094705408685352,0.652570303382625
bm,f,Ruminococcaceae,ulcerative colitis,non Inflammatory Bowel Disease,-0.421055663951457,-0.0524111137833363,-0.0237681586617584,0.190868121886356
bn,f,Veillonellaceae,ulcerative colitis,non Inflammatory Bowel Disease,-0.358378358193734,-0.00132044729650323,-0.00362430679923298,0.350715354117168
bo,f,Enterobacteriaceae,ulcerative colitis,non Inflammatory Bowel Disease,2.9428687952708,0.0116244330154702,0.0609296239429559,0.0692977950633596
bp,f,Bacteroidaceae,ulcerative colitis,non Inflammatory Bowel Disease,-0.120705289466649,-0.0297046951423671,-0.069820869614754,0.0925009845523126
bq,f,Streptococcaceae,ulcerative colitis,non Inflammatory Bowel Disease,-0.15550538529967,-0.000210868246368349,-0.00520706564209754,0.265651607158949
br,f,Family_XI,ulcerative colitis,non Inflammatory Bowel Disease,-Inf,-3.39324922437153e-05,-0.000399211090353216,0.425321694374493
bs,f,Bifidobacteriaceae,ulcerative colitis,non Inflammatory Bowel Disease,-0.262076288880299,-0.000307773094911094,0.00590789374112562,0.501799818833001
bt,f,Erysipelotrichaceae,ulcerative colitis,non Inflammatory Bowel Disease,0.422737111959922,0.00141182526097309,0.00455188996363322,0.346561231512597
bu,f,Fusobacteriaceae,ulcerative colitis,non Inflammatory Bowel Disease,0,0,-0.00041563099268416,0.314298610846254
bv,f,Porphyromonadaceae,ulcerative colitis,non Inflammatory Bowel Disease,0.16910196231456,0.00119216586778904,-0.0114581343859957,0.207868900652002
bw,f,Carnobacteriaceae,ulcerative colitis,non Inflammatory Bowel Disease,-0.225145100831492,-1.10791317730259e-05,-0.000704848378196958,0.977450445962545
bx,f,Desulfovibrionaceae,ulcerative colitis,non Inflammatory Bowel Disease,-6.96062193219385,-0.00300449001817516,5.78458336877256e-05,0.00758962834190143
by,f,Coriobacteriaceae,ulcerative colitis,non Inflammatory Bowel Disease,-0.106994139273975,-4.8459017312007e-05,0.00127822236432321,0.482003857535981
bz,f,Family_XIII,ulcerative colitis,non Inflammatory Bowel Disease,0,0,0.000227616070352356,0.692795879544427
ca,f,Verrucomicrobiaceae,ulcerative colitis,non Inflammatory Bowel Disease,-Inf,-4.03714836731246e-05,-0.0140240139100267,0.0528412522654902
cb,f,Rikenellaceae,ulcerative colitis,non Inflammatory Bowel Disease,-4.22675598642337,-0.00509395581729477,0.00257447326981767,0.0151021409301917
cc,f,Actinomycetaceae,ulcerative colitis,non Inflammatory Bowel Disease,0.889735405645,2.7966898797465e-05,-0.000140763848982766,0.822037593068657
cd,f,Pasteurellaceae,ulcerative colitis,non Inflammatory Bowel Disease,-1.20327855259904,-0.000425711022260744,0.00287656020995853,0.481026804425959
ce,f,Peptostreptococcaceae,ulcerative colitis,non Inflammatory Bowel Disease,-0.867411814900153,-0.000255512626238325,-0.00042712578324295,0.377665993969583
cf,f,Staphylococcaceae,ulcerative colitis,non Inflammatory Bowel Disease,0.24891284140821,8.12414254076935e-05,0.00314630698349805,0.829952865275184
cg,f,Acidaminococcaceae,ulcerative colitis,non Inflammatory Bowel Disease,0,0,0.00272146537750611,0.619886662357211
ch,f,Moraxellaceae,ulcerative colitis,non Inflammatory Bowel Disease,0.410892980948053,2.91200202878816e-05,-0.000146430153679217,0.921995870352309
ci,f,Christensenellaceae,ulcerative colitis,non Inflammatory Bowel Disease,0,0,0.000209236058213611,0.422288980096694
cj,f,Pseudomonadaceae,ulcerative colitis,non Inflammatory Bowel Disease,-2.14755932027133,-3.39358211806785e-05,0.0234261333766311,0.915612857897443
ck,g,Blautia,ulcerative colitis,non Inflammatory Bowel Disease,-0.0266883147824247,-0.000262081282606842,0.00177878799425375,0.903629610877742
cl,g,uncultured,ulcerative colitis,non Inflammatory Bowel Disease,0.0771864683262355,0.000692568323836735,4.31680837696541e-05,0.647646931682649
cm,g,Parasutterella,ulcerative colitis,non Inflammatory Bowel Disease,1.05281779734299,0.000383857234685729,0.00598935284772309,0.241429899862651
cn,g,Faecalibacterium,ulcerative colitis,non Inflammatory Bowel Disease,-0.451183640584372,-0.0370413128100967,-0.0178985850306962,0.286453093063852
co,g,Dialister,ulcerative colitis,non Inflammatory Bowel Disease,-Inf,-7.25188003721013e-05,-0.000550072470789044,0.162372746952901
cp,g,Coprococcus_1,ulcerative colitis,non Inflammatory Bowel Disease,-2.49549622062145,-0.001973592247319,-0.00297866704653077,0.275106053168512
cq,g,Lachnospiraceae_UCG_004,ulcerative colitis,non Inflammatory Bowel Disease,-0.4733479585099,-0.000919775079994411,0.0010130200413373,0.819935162949981
cr,g,Serratia,ulcerative colitis,non Inflammatory Bowel Disease,1.80404843147544,0.000293798764592196,0.00437418637739193,0.552163304084497
cs,g,Dorea,ulcerative colitis,non Inflammatory Bowel Disease,0.0201011963868635,0.00012987893002412,0.0135998175381016,0.403106062394249
ct,g,Bacteroides,ulcerative colitis,non Inflammatory Bowel Disease,-0.120705289466649,-0.0297046951423671,-0.069820869614754,0.0925009845523126
cu,g,Ruminococcus_torques_group,ulcerative colitis,non Inflammatory Bowel Disease,0.201112028310879,0.00243676913240848,0.0197450598480285,0.336739508132157
cv,g,Ruminococcaceae_UCG_003,ulcerative colitis,non Inflammatory Bowel Disease,-Inf,-5.24602360442986e-05,-0.000362090983057492,0.180110349375289
cw,g,Streptococcus,ulcerative colitis,non Inflammatory Bowel Disease,-0.15550538529967,-0.000210868246368349,-0.00520706564209754,0.265651607158949
cx,g,Lachnospira,ulcerative colitis,non Inflammatory Bowel Disease,-0.963413170025421,-0.000573809318409181,0.000597265780087424,0.798110849527574
cy,g,Flavonifractor,ulcerative colitis,non Inflammatory Bowel Disease,-0.340006726683198,-0.000172741634654545,-0.00148814605605109,0.159110107701912
cz,g,Gemella,ulcerative colitis,non Inflammatory Bowel Disease,-Inf,-3.39324922437153e-05,-0.000399211090353216,0.425321694374493
da,g,Eubacterium_rectale_group,ulcerative colitis,non Inflammatory Bowel Disease,-0.634523119788262,-0.00283542068605135,-0.00250882377917489,0.184681330408708
db,g,Bifidobacterium,ulcerative colitis,non Inflammatory Bowel Disease,-0.262076288880299,-0.000307773094911094,0.00590789374112562,0.501799818833001
dc,g,Anaerostipes,ulcerative colitis,non Inflammatory Bowel Disease,-0.668013440122557,-0.00249368433076222,-0.00367922421809955,0.184246065118532
dd,g,Fusicatenibacter,ulcerative colitis,non Inflammatory Bowel Disease,-1.06736029729603,-0.00246885239262948,-0.00258090766732916,0.00346734776456023
de,g,Escherichia_Shigella,ulcerative colitis,non Inflammatory Bowel Disease,1.79108976248228,0.00372366249804831,0.0294330615712375,0.354777993258484
df,g,Erysipelotrichaceae_UCG_003,ulcerative colitis,non Inflammatory Bowel Disease,-0.966474819695158,-0.000823929975751866,0.00259492636995463,0.347260798151148
dg,g,Ruminococcus_gnavus_group,ulcerative colitis,non Inflammatory Bowel Disease,0.670294335017512,0.000631569275983295,-0.0104048973151347,1
dh,g,Ruminococcaceae_UCG_013,ulcerative colitis,non Inflammatory Bowel Disease,-1.11715989906237,-3.74038434037129e-05,2.10752761657388e-05,0.918567248370293
di,g,Lachnoclostridium,ulcerative colitis,non Inflammatory Bowel Disease,0.638628287150451,0.00465838241375921,0.00130030341955521,0.491907437006797
dj,g,Fusobacterium,ulcerative colitis,non Inflammatory Bowel Disease,0,0,-0.00041563099268416,0.314298610846254
dk,g,Parabacteroides,ulcerative colitis,non Inflammatory Bowel Disease,0.0436962425238055,0.000288987950638362,-0.0114921889861212,0.271314637727952
dl,g,Subdoligranulum,ulcerative colitis,non Inflammatory Bowel Disease,-1.97346717714692,-0.00934807005808251,-0.00196402664970628,0.114648883843734
dm,g,uncultured,ulcerative colitis,non Inflammatory Bowel Disease,-0.947369953341213,-0.00104221651972343,-0.00178550891575291,0.114002446725271
dn,g,Coprococcus_3,ulcerative colitis,non Inflammatory Bowel Disease,-2.29319421857187,-0.00132871826927326,0.000745988345758485,0.42991168824621
do,g,Ruminococcaceae_UCG_004,ulcerative colitis,non Inflammatory Bowel Disease,-Inf,-0.000328891393172861,0.000449724770087806,0.0436651745506904
dp,g,Lachnospiraceae_NK4A136_group,ulcerative colitis,non Inflammatory Bowel Disease,-1.18742681605516,-0.00320221064407954,-0.00731614137860315,0.045718304974465
dq,g,Roseburia,ulcerative colitis,non Inflammatory Bowel Disease,-0.66255436043116,-0.00536075841916026,0.00463536146924459,0.26527907206994
dr,g,Eubacterium_hallii_group,ulcerative colitis,non Inflammatory Bowel Disease,0.193434539268553,0.000714785454585289,0.00216967229825855,0.585393754798536
ds,g,Ruminiclostridium_5,ulcerative colitis,non Inflammatory Bowel Disease,-0.156921298329677,-0.00011824826933318,0.00111671306899221,0.903236763539153
dt,g,Granulicatella,ulcerative colitis,non Inflammatory Bowel Disease,-0.225145100831492,-1.10791317730259e-05,-0.000704848378196958,0.977450445962545
du,g,Veillonella,ulcerative colitis,non Inflammatory Bowel Disease,-0.474461443116699,-0.000643960229360423,-0.00307423432844394,0.405569982287677
dv,g,Eisenbergiella,ulcerative colitis,non Inflammatory Bowel Disease,-Inf,-0.000151771153169285,0.00142472649263431,0.996725082696035
dw,g,Eubacterium_ventriosum_group,ulcerative colitis,non Inflammatory Bowel Disease,-Inf,-8.3901357850428e-05,0.000196974779397955,0.100646339312537
dx,g,Butyricicoccus,ulcerative colitis,non Inflammatory Bowel Disease,-1.25481493936084,-0.00087572261530206,0.000666499905367452,0.199407286540591
dy,g,Bilophila,ulcerative colitis,non Inflammatory Bowel Disease,-6.96062193219385,-0.00300449001817516,5.78458336877256e-05,0.00758962834190143
dz,g,Hungatella,ulcerative colitis,non Inflammatory Bowel Disease,-0.536008664071854,-4.91935074151696e-05,0.00052765995095312,0.532927770254386
ea,g,Collinsella,ulcerative colitis,non Inflammatory Bowel Disease,-3.57789341173088,-0.000526076776180982,0.00076721428162511,0.685576700247801
eb,g,Erysipelatoclostridium,ulcerative colitis,non Inflammatory Bowel Disease,2.30837609488904,0.000506016934158909,0.00484831025522567,0.197905323014525
ec,g,Family_XIII_AD3011_group,ulcerative colitis,non Inflammatory Bowel Disease,0,0,0.000227616070352356,0.692795879544427
ed,g,Akkermansia,ulcerative colitis,non Inflammatory Bowel Disease,-Inf,-4.03714836731246e-05,-0.0140240139100267,0.0528412522654902
ee,g,Alistipes,ulcerative colitis,non Inflammatory Bowel Disease,-4.22675598642337,-0.00509395581729477,0.00257447326981767,0.0151021409301917
ef,g,Ruminococcaceae_UCG_002,ulcerative colitis,non Inflammatory Bowel Disease,-Inf,-0.000898437609294651,-0.00510285278594352,0.000467791760681607
eg,g,Ruminococcus_1,ulcerative colitis,non Inflammatory Bowel Disease,-Inf,-8.7700182974428e-05,-0.000856268594105868,0.0988813429987242
eh,g,Actinomyces,ulcerative colitis,non Inflammatory Bowel Disease,0.889735405645,2.7966898797465e-05,-0.000140763848982766,0.822037593068657
ei,g,Haemophilus,ulcerative colitis,non Inflammatory Bowel Disease,-1.20327855259904,-0.000425711022260744,0.00287656020995853,0.481026804425959
ej,g,Intestinibacter,ulcerative colitis,non Inflammatory Bowel Disease,-0.867411814900153,-0.000255512626238325,-0.00042712578324295,0.377665993969583
ek,g,Ruminococcus_gauvreauii_group,ulcerative colitis,non Inflammatory Bowel Disease,-1.33095529188589,-0.000520106973185926,-0.000728253845930557,0.313204833589958
el,g,Lachnospiraceae_ND3007_group,ulcerative colitis,non Inflammatory Bowel Disease,-Inf,-0.000858260417509541,-0.00115813251082422,0.00136392413670697
em,g,Ruminiclostridium_6,ulcerative colitis,non Inflammatory Bowel Disease,0,0,0.00223933908284959,0.619670784756616
en,g,Ruminiclostridium_9,ulcerative colitis,non Inflammatory Bowel Disease,-4.49877368857553,-0.00118790328187917,-5.33009156674018e-05,0.238795032004756
eo,g,Staphylococcus,ulcerative colitis,non Inflammatory Bowel Disease,0.24891284140821,8.12414254076935e-05,0.00314630698349805,0.829952865275184
ep,g,Phascolarctobacterium,ulcerative colitis,non Inflammatory Bowel Disease,0,0,0.00272146537750611,0.619886662357211
eq,g,Lachnospiraceae_FCS020_group,ulcerative colitis,non Inflammatory Bowel Disease,0,0,-0.000136082930938632,0.66310735114106
er,g,Acinetobacter,ulcerative colitis,non Inflammatory Bowel Disease,0.410892980948053,2.91200202878816e-05,-0.000146430153679217,0.921995870352309
es,g,Eubacterium_xylanophilum_group,ulcerative colitis,non Inflammatory Bowel Disease,0,0,0.00121034364300262,0.456780753901748
et,g,Sutterella,ulcerative colitis,non Inflammatory Bowel Disease,-Inf,-9.88435306909163e-06,-0.00504229876086956,0.0998924648924617
eu,g,Faecalitalea,ulcerative colitis,non Inflammatory Bowel Disease,0,0,6.01764020483941e-05,0.164164666795453
ev,g,Eubacterium_eligens_group,ulcerative colitis,non Inflammatory Bowel Disease,-6.26095901322381,-0.000975029610364473,-0.00157073434848208,0.00148770375783885
ew,g,Clostridium_innocuum_group,ulcerative colitis,non Inflammatory Bowel Disease,Inf,0.000121419355237172,-0.00301130589367923,0.0116901996992412
ex,g,Eggerthella,ulcerative colitis,non Inflammatory Bowel Disease,2.72361407860008,6.52274323954083e-05,0.000511008082698103,0.22104489302814
ey,g,Tyzzerella,ulcerative colitis,non Inflammatory Bowel Disease,0,0,0.00612111900926115,0.514289279704433
ez,g,Christensenellaceae_R_7_group,ulcerative colitis,non Inflammatory Bowel Disease,0,0,0.000209236058213611,0.422288980096694
fa,g,Holdemania,ulcerative colitis,non Inflammatory Bowel Disease,-Inf,-9.76765506116637e-05,5.97828300837606e-05,0.24333386434705
fb,g,Odoribacter,ulcerative colitis,non Inflammatory Bowel Disease,-Inf,-5.97335900081326e-05,3.40546001254859e-05,0.0612725816088043
fc,g,Raoultella,ulcerative colitis,non Inflammatory Bowel Disease,0.507197998722499,2.44799052372984e-05,0.025117701868766,0.121361935355274
fd,g,Ruminococcus_2,ulcerative colitis,non Inflammatory Bowel Disease,-Inf,-2.40861004939119e-05,0.00124926916575958,0.0152651918204413
fe,g,Pseudomonas,ulcerative colitis,non Inflammatory Bowel Disease,-2.14755932027133,-3.39358211806785e-05,0.0234261333766311,0.915612857897443
ff,g,Enterobacter,ulcerative colitis,non Inflammatory Bowel Disease,0.365493403025186,9.95414069549222e-06,0.00200467412556049,0.472166788270194
fg,s,uncultured_bacterium,ulcerative colitis,non Inflammatory Bowel Disease,0.145415753083874,0.00118162457993636,0.00232904514510907,0.676010848942607
fh,s,uncultured_organism,ulcerative colitis,non Inflammatory Bowel Disease,0.0148665173047762,6.36996739816626e-05,0.00323384964041822,0.915971151322952
fi,s,uncultured_bacterium,ulcerative colitis,non Inflammatory Bowel Disease,Inf,4.10236989152669e-05,0.000502466560373173,0.07013014899949
fj,s,uncultured_bacterium,ulcerative colitis,non Inflammatory Bowel Disease,-0.451398221486143,-0.0370440956704292,-0.0179661149616867,0.286453093063852
fk,s,uncultured_bacterium,ulcerative colitis,non Inflammatory Bowel Disease,-Inf,-7.25188003721013e-05,-0.000550072470789044,0.162372746952901
fl,s,uncultured_bacterium,ulcerative colitis,non Inflammatory Bowel Disease,-2.49549622062145,-0.001973592247319,-0.00297866704653077,0.275106053168512
fm,s__Serratia_sp,SBS,ulcerative colitis,non Inflammatory Bowel Disease,1.80404843147544,0.000293798764592196,0.00437418637739193,0.552163304084497
fn,s,uncultured_bacterium,ulcerative colitis,non Inflammatory Bowel Disease,-0.405424276159417,-0.000115605304145462,0.000293418285346785,0.934314984101528
fo,s,uncultured_bacterium,ulcerative colitis,non Inflammatory Bowel Disease,-0.0665739257805126,-0.00057078476957771,0.0088260334727616,0.597953056032675
fp,s,uncultured_bacterium,ulcerative colitis,non Inflammatory Bowel Disease,-0.678850449819601,-0.0738030217947031,-0.0126084791122245,0.605180456340501
fq,s,uncultured_bacterium,ulcerative colitis,non Inflammatory Bowel Disease,-Inf,-5.24602360442986e-05,-0.000362090983057492,0.180110349375289
fr,s,Streptococcus_thermophilus_TH1435,ulcerative colitis,non Inflammatory Bowel Disease,-1.19210658481367,-0.000220906074018212,-0.000530389624059966,0.242675511834372
fs,s,uncultured_organism,ulcerative colitis,non Inflammatory Bowel Disease,-0.30619675234475,-0.000142826805105867,0.000389152656015604,0.971646734209863
ft,s,uncultured_bacterium,ulcerative colitis,non Inflammatory Bowel Disease,-0.724223236796154,-0.000305369018691863,-0.00146618592437328,0.129392298558428
fu,s,uncultured_bacterium,ulcerative colitis,non Inflammatory Bowel Disease,-Inf,-3.39324922437153e-05,-0.000399211090353216,0.425321694374493
fv,s,uncultured_bacterium,ulcerative colitis,non Inflammatory Bowel Disease,-0.634523119788262,-0.00283542068605135,-0.00250882377917489,0.184681330408708
fw,s,uncultured_bacterium,ulcerative colitis,non Inflammatory Bowel Disease,-0.148211162265037,-0.000152909226677871,-0.00467667601803758,0.241163201609031
fx,s,Bifidobacterium_breve,ulcerative colitis,non Inflammatory Bowel Disease,-3.02101313354778,-0.000580276807795368,-0.000320904626647129,0.136151113873123
fy,s,uncultured_bacterium,ulcerative colitis,non Inflammatory Bowel Disease,-1.98464196489027,-0.00126978002963707,4.81394572279413e-05,0.0503542933244561
fz,s,uncultured_bacterium,ulcerative colitis,non Inflammatory Bowel Disease,-1.9979540014861,-0.000267974606431133,-0.000237574196992405,0.00937223275912937
ga,s,bacterium_N3a,ulcerative colitis,non Inflammatory Bowel Disease,1.74675164473,0.00348330461883358,0.0293949279423242,0.392506467344666
gb,s,uncultured_bacterium,ulcerative colitis,non Inflammatory Bowel Disease,-0.966474819695158,-0.000823929975751866,0.00259492636995463,0.347260798151148
gc,s,uncultured_organism,ulcerative colitis,non Inflammatory Bowel Disease,0.622261863151495,0.000565346771783982,-0.0101810154069305,0.984284558587107
gd,s,uncultured_bacterium,ulcerative colitis,non Inflammatory Bowel Disease,-1.11715989906237,-3.74038434037129e-05,2.10752761657388e-05,0.918567248370293
ge,s,uncultured_organism,ulcerative colitis,non Inflammatory Bowel Disease,0.477566618254575,0.000868345208985033,-0.00185440348673823,0.188392141719326
gf,s,Ambiguous_taxa,ulcerative colitis,non Inflammatory Bowel Disease,0,0,-0.00041563099268416,0.314298610846254
gg,s,uncultured_bacterium,ulcerative colitis,non Inflammatory Bowel Disease,-0.813445177839892,-0.000930498337499775,-0.000239480813626075,0.218085653663641
gh,s,uncultured_bacterium,ulcerative colitis,non Inflammatory Bowel Disease,-1.97346717714692,-0.00934807005808251,-0.00196402664970628,0.114648883843734
gi,s,uncultured_organism,ulcerative colitis,non Inflammatory Bowel Disease,0.87284697645754,0.00177790880977315,0.0110025310070175,0.506098166363917
gj,s,uncultured_bacterium,ulcerative colitis,non Inflammatory Bowel Disease,-2.48644138145748,-0.00438371424870688,-0.00319068155664857,0.00525675831572856
gk,s,uncultured_bacterium,ulcerative colitis,non Inflammatory Bowel Disease,-3.22665952012514,-0.000650299806974374,-0.0007289126106451,0.121834314471088
gl,s,uncultured_bacterium,ulcerative colitis,non Inflammatory Bowel Disease,-2.29319421857187,-0.00132871826927326,0.000745988345758485,0.42991168824621
gm,s,uncultured_bacterium,ulcerative colitis,non Inflammatory Bowel Disease,-Inf,-0.000328891393172861,0.000449724770087806,0.0436651745506904
gn,s,uncultured_organism,ulcerative colitis,non Inflammatory Bowel Disease,-0.828273383617317,-0.00115096488088627,-0.000907429065368517,0.138934828397761
go,s,uncultured_bacterium,ulcerative colitis,non Inflammatory Bowel Disease,-0.436375239455982,-0.00141016084868984,0.00569942983840545,0.447069374885437
gp,s,Ambiguous_taxa,ulcerative colitis,non Inflammatory Bowel Disease,0,0,0.00225166352361505,0.462161248752076
gq,s,uncultured_organism,ulcerative colitis,non Inflammatory Bowel Disease,0.00374506398171999,9.48376929543705e-06,-0.00372736367532749,0.277338114195763
gr,s,Ambiguous_taxa,ulcerative colitis,non Inflammatory Bowel Disease,-0.0271335479757986,-4.64170877987119e-05,0.00253390449577593,0.900308634859104
gs,s,uncultured_bacterium,ulcerative colitis,non Inflammatory Bowel Disease,-0.130943228946823,-0.00016703221130001,0.000303549642008715,0.429406396883906
gt,s,uncultured_bacterium,ulcerative colitis,non Inflammatory Bowel Disease,-2.11916606295858,-0.00171444553455582,-0.00640871231323463,0.0145562091683143
gu,s,uncultured_organism,ulcerative colitis,non Inflammatory Bowel Disease,-1.07711800658273,-0.00227846869682449,-0.00234333347033676,0.00364568026836621
gv,s,uncultured_organism,ulcerative colitis,non Inflammatory Bowel Disease,-2.34499122325782,-0.00228459398049125,-0.00027817274615542,0.546203441018031
gw,s,uncultured_bacterium,ulcerative colitis,non Inflammatory Bowel Disease,-4.66472084832015,-0.000553857333474496,-0.000353424035857125,0.0776359059326485
gx,s,uncultured_bacterium,ulcerative colitis,non Inflammatory Bowel Disease,-Inf,-0.000329854984365829,0.000593507335870671,0.156279673646745
gy,s,uncultured_organism,ulcerative colitis,non Inflammatory Bowel Disease,-1.16546492988026,-0.000609039352966963,-0.00759394783221636,0.395075105491113
gz,s,uncultured_bacterium,ulcerative colitis,non Inflammatory Bowel Disease,-0.225145100831492,-1.10791317730259e-05,-0.000704848378196958,0.977450445962545
ha,s,uncultured_bacterium,ulcerative colitis,non Inflammatory Bowel Disease,-0.474461443116699,-0.000643960229360423,-0.00307423432844394,0.405569982287677
hb,s,uncultured_organism,ulcerative colitis,non Inflammatory Bowel Disease,-Inf,-3.78560684228826e-05,0.000605541221306813,0.248882636838062
hc,s,uncultured_bacterium,ulcerative colitis,non Inflammatory Bowel Disease,-Inf,-8.3901357850428e-05,0.000196974779397955,0.100646339312537
hd,s,uncultured_organism,ulcerative colitis,non Inflammatory Bowel Disease,0,0,0.000338053115253386,0.345356095997256
he,s,uncultured_bacterium,ulcerative colitis,non Inflammatory Bowel Disease,-3.16556927243099,-0.000874210220326854,0.000264262138328987,0.212711370580512
hf,s,uncultured_bacterium,ulcerative colitis,non Inflammatory Bowel Disease,-3.57789341173088,-0.000526076776180982,0.00076721428162511,0.685576700247801
hg,s,uncultured_bacterium,ulcerative colitis,non Inflammatory Bowel Disease,0,0,0.000227616070352356,0.692795879544427
hh,s,uncultured_bacterium,ulcerative colitis,non Inflammatory Bowel Disease,-Inf,-4.03714836731246e-05,-0.0140240139100267,0.0528412522654902
hi,s,uncultured_bacterium,ulcerative colitis,non Inflammatory Bowel Disease,-4.22675598642337,-0.00509395581729477,0.00257447326981767,0.0151021409301917
hj,s,uncultured_bacterium,ulcerative colitis,non Inflammatory Bowel Disease,-Inf,-0.000898437609294651,-0.00510285278594352,0.000467791760681607
hk,s,uncultured_bacterium,ulcerative colitis,non Inflammatory Bowel Disease,-Inf,-8.7700182974428e-05,-0.000856268594105868,0.0988813429987242
hl,s,uncultured_bacterium,ulcerative colitis,non Inflammatory Bowel Disease,0.889735405645,2.7966898797465e-05,-0.000140763848982766,0.822037593068657
hm,s,uncultured_bacterium,ulcerative colitis,non Inflammatory Bowel Disease,-1.20327855259904,-0.000425711022260744,0.00287656020995853,0.481026804425959
hn,s,uncultured_organism,ulcerative colitis,non Inflammatory Bowel Disease,-0.867411814900153,-0.000255512626238325,-0.00042712578324295,0.377665993969583
ho,s,uncultured_bacterium,ulcerative colitis,non Inflammatory Bowel Disease,-1.33095529188589,-0.000520106973185926,-0.000728253845930557,0.313204833589958
hp,s,uncultured_bacterium,ulcerative colitis,non Inflammatory Bowel Disease,-Inf,-0.000858260417509541,-0.00115813251082422,0.00136392413670697
hq,s,uncultured_bacterium,ulcerative colitis,non Inflammatory Bowel Disease,-Inf,-2.50602183449709e-05,0.00020811312407182,0.00174228988882999
hr,s,uncultured_bacterium,ulcerative colitis,non Inflammatory Bowel Disease,0,0,0.00223933908284959,0.619670784756616
hs,s,uncultured_bacterium,ulcerative colitis,non Inflammatory Bowel Disease,-4.49877368857553,-0.00118790328187917,-5.33009156674018e-05,0.238795032004756
ht,s,Staphylococcus_aureus,ulcerative colitis,non Inflammatory Bowel Disease,0.24891284140821,8.12414254076935e-05,0.00314630698349805,0.829952865275184
hu,s,uncultured_bacterium,ulcerative colitis,non Inflammatory Bowel Disease,0,0,0.00272146537750611,0.619886662357211
hv,s,uncultured_bacterium,ulcerative colitis,non Inflammatory Bowel Disease,0,0,-0.000136082930938632,0.66310735114106
hw,s,Acinetobacter_indicus,ulcerative colitis,non Inflammatory Bowel Disease,0.410892980948053,2.91200202878816e-05,-0.000146430153679217,0.921995870352309
hx,s,uncultured_bacterium,ulcerative colitis,non Inflammatory Bowel Disease,0,0,0.00121034364300262,0.456780753901748
hy,s,uncultured_bacterium,ulcerative colitis,non Inflammatory Bowel Disease,-Inf,-9.88435306909163e-06,-0.00504229876086956,0.0998924648924617
hz,s,uncultured_organism,ulcerative colitis,non Inflammatory Bowel Disease,0.848014913595078,0.000280526595623657,0.00548688628734991,0.387104423997427
ia,s,uncultured_bacterium,ulcerative colitis,non Inflammatory Bowel Disease,0,0,-1.45501840707098e-05,0.903889427913791
ib,s,uncultured_bacterium,ulcerative colitis,non Inflammatory Bowel Disease,-Inf,-0.00026047204459614,-2.69382729653566e-05,0.0501625233915684
ic,s,uncultured_bacterium,ulcerative colitis,non Inflammatory Bowel Disease,0,0,6.01764020483941e-05,0.164164666795453
id,s,uncultured_bacterium,ulcerative colitis,non Inflammatory Bowel Disease,0,0,-8.89053172926952e-05,0.48771909261465
ie,s,uncultured_organism,ulcerative colitis,non Inflammatory Bowel Disease,-Inf,-0.000575814693825257,-0.00112559906490869,0.00105390597531063
if,s,Ambiguous_taxa,ulcerative colitis,non Inflammatory Bowel Disease,Inf,0.000121419355237172,-0.00301130589367923,0.0116901996992412
ig,s,uncultured_bacterium,ulcerative colitis,non Inflammatory Bowel Disease,2.72361407860008,6.52274323954083e-05,0.000511008082698103,0.22104489302814
ih,s,uncultured_organism,ulcerative colitis,non Inflammatory Bowel Disease,0,0,0.00612111900926115,0.514289279704433
ii,s,uncultured_bacterium,ulcerative colitis,non Inflammatory Bowel Disease,0,0,0.000209236058213611,0.422288980096694
ij,s,uncultured_organism,ulcerative colitis,non Inflammatory Bowel Disease,-1.04084210201637,-0.000753311932545676,-0.000409554846930718,0.0746385863375001
ik,s,uncultured_bacterium,ulcerative colitis,non Inflammatory Bowel Disease,-Inf,-0.000305008403172725,-0.000445135283573385,0.000881639762149913
il,s,Ambiguous_taxa,ulcerative colitis,non Inflammatory Bowel Disease,-Inf,-5.97335900081326e-05,3.40546001254859e-05,0.0612725816088043
im,s,Lelliottia_amnigena,ulcerative colitis,non Inflammatory Bowel Disease,0.507197998722499,2.44799052372984e-05,0.025117701868766,0.121361935355274
in,s,uncultured_bacterium,ulcerative colitis,non Inflammatory Bowel Disease,-Inf,-2.40861004939119e-05,0.00124926916575958,0.0152651918204413
io,s,uncultured_bacterium,ulcerative colitis,non Inflammatory Bowel Disease,-2.14755932027133,-3.39358211806785e-05,0.0234261333766311,0.915612857897443
ip,s__Enterobacter_sp,NISOC_03,ulcerative colitis,non Inflammatory Bowel Disease,0.365493403025186,9.95414069549222e-06,0.00200467412556049,0.472166788270194
